xFormers not available
xFormers not available
[2025-12-04 00:08:45,662][    INFO] {'bs': 4,
 'dataset': 'HyperSim',
 'encoder': 'vits',
 'epochs': 120,
 'img_size': 518,
 'lr': 5e-06,
 'max_depth': 20,
 'min_depth': 0.001,
 'ngpus': 0,
 'pretrained_from': '../checkpoints/depth_anything_v2_vits.pth',
 'save_path': './QAT'}

[2025-12-04 00:08:45,663][    INFO] Using "cuda"
[2025-12-04 00:08:46,073][    INFO] Size (checkpoint): 99.22 MB
[2025-12-04 00:08:46,080][    INFO] Testing rel_checkpoint model
[2025-12-04 00:08:49,641][    INFO] Measured over "10" samples of training data from "HyperSim" dataset
[2025-12-04 00:08:49,642][    INFO] Time is in ms per sample (only for inference step)
[2025-12-04 00:08:49,642][    INFO]  
[2025-12-04 00:08:49,642][    INFO] ==================================================================================================
[2025-12-04 00:08:49,642][    INFO]       d1,       d2,       d3,  abs_rel,   sq_rel,     rmse, rmse_log,    log10,    silog,     time
[2025-12-04 00:08:49,642][    INFO]    0.058,    0.154,    0.281,    2.826,   42.720,   11.529,    1.192,    0.467,    0.935,  310.707
[2025-12-04 00:08:49,642][    INFO] ==================================================================================================
[2025-12-04 00:08:49,870][    INFO] ===========> Epoch: 0/120, d1: 0.000, d2: 0.000, d3: 0.000
[2025-12-04 00:08:49,870][    INFO] ===========> Epoch: 0/120, abs_rel: 100.000, sq_rel: 100.000, rmse: 100.000, rmse_log: 100.000, log10: 100.000, silog: 100.000


[2025-12-04 00:08:50,894][    INFO] Iter: 0/35, LR: 0.0000050, Loss: 1.044
[2025-12-04 00:09:14,057][    INFO] Validate
[2025-12-04 00:09:15,961][    INFO] ==================================================================================================
[2025-12-04 00:09:15,961][    INFO]       d1,       d2,       d3,  abs_rel,   sq_rel,     rmse, rmse_log,    log10,    silog
[2025-12-04 00:09:15,961][    INFO]   12.325,   17.622,   18.966,   10.352,   29.545,   40.845,    6.962,    2.352,    6.600
[2025-12-04 00:09:15,961][    INFO] ==================================================================================================
[2025-12-04 00:09:16,240][    INFO] ===========> Epoch: 1/120, d1: 0.616, d2: 0.881, d3: 0.948
[2025-12-04 00:09:16,240][    INFO] ===========> Epoch: 1/120, abs_rel: 0.518, sq_rel: 1.477, rmse: 2.042, rmse_log: 0.348, log10: 0.118, silog: 0.330

[2025-12-04 00:09:17,199][    INFO] Iter: 0/35, LR: 0.0000050, Loss: 0.195
[2025-12-04 00:09:40,931][    INFO] Validate
[2025-12-04 00:09:42,836][    INFO] ==================================================================================================
[2025-12-04 00:09:42,837][    INFO]       d1,       d2,       d3,  abs_rel,   sq_rel,     rmse, rmse_log,    log10,    silog
[2025-12-04 00:09:42,837][    INFO]   15.106,   18.679,   19.301,    8.519,   22.020,   30.039,    5.465,    1.767,    5.074
[2025-12-04 00:09:42,837][    INFO] ==================================================================================================
[2025-12-04 00:09:43,256][    INFO] ===========> Epoch: 2/120, d1: 0.755, d2: 0.934, d3: 0.965
[2025-12-04 00:09:43,257][    INFO] ===========> Epoch: 2/120, abs_rel: 0.426, sq_rel: 1.101, rmse: 1.502, rmse_log: 0.273, log10: 0.088, silog: 0.254

[2025-12-04 00:09:44,253][    INFO] Iter: 0/35, LR: 0.0000049, Loss: 0.157
[2025-12-04 00:10:08,223][    INFO] Validate
[2025-12-04 00:10:10,180][    INFO] ==================================================================================================
[2025-12-04 00:10:10,180][    INFO]       d1,       d2,       d3,  abs_rel,   sq_rel,     rmse, rmse_log,    log10,    silog
[2025-12-04 00:10:10,181][    INFO]   15.382,   18.949,   19.360,    8.283,   19.996,   28.053,    5.242,    1.746,    4.742
[2025-12-04 00:10:10,181][    INFO] ==================================================================================================
[2025-12-04 00:10:10,552][    INFO] ===========> Epoch: 3/120, d1: 0.769, d2: 0.947, d3: 0.968
[2025-12-04 00:10:10,552][    INFO] ===========> Epoch: 3/120, abs_rel: 0.414, sq_rel: 1.000, rmse: 1.403, rmse_log: 0.262, log10: 0.087, silog: 0.237

[2025-12-04 00:10:11,541][    INFO] Iter: 0/35, LR: 0.0000049, Loss: 0.190
[2025-12-04 00:10:35,796][    INFO] Validate
[2025-12-04 00:10:37,729][    INFO] ==================================================================================================
[2025-12-04 00:10:37,730][    INFO]       d1,       d2,       d3,  abs_rel,   sq_rel,     rmse, rmse_log,    log10,    silog
[2025-12-04 00:10:37,730][    INFO]   16.418,   18.971,   19.220,    6.816,   13.963,   22.604,    5.060,    1.608,    4.674
[2025-12-04 00:10:37,730][    INFO] ==================================================================================================
[2025-12-04 00:10:38,117][    INFO] ===========> Epoch: 4/120, d1: 0.821, d2: 0.949, d3: 0.968
[2025-12-04 00:10:38,117][    INFO] ===========> Epoch: 4/120, abs_rel: 0.341, sq_rel: 0.698, rmse: 1.130, rmse_log: 0.253, log10: 0.080, silog: 0.234

[2025-12-04 00:10:39,196][    INFO] Iter: 0/35, LR: 0.0000048, Loss: 0.116
[2025-12-04 00:11:03,672][    INFO] Validate
[2025-12-04 00:11:05,659][    INFO] ==================================================================================================
[2025-12-04 00:11:05,659][    INFO]       d1,       d2,       d3,  abs_rel,   sq_rel,     rmse, rmse_log,    log10,    silog
[2025-12-04 00:11:05,660][    INFO]   17.111,   19.186,   19.394,    6.825,   13.769,   22.332,    4.548,    1.485,    4.067
[2025-12-04 00:11:05,660][    INFO] ==================================================================================================
[2025-12-04 00:11:06,079][    INFO] ===========> Epoch: 5/120, d1: 0.856, d2: 0.959, d3: 0.970
[2025-12-04 00:11:06,079][    INFO] ===========> Epoch: 5/120, abs_rel: 0.341, sq_rel: 0.688, rmse: 1.117, rmse_log: 0.227, log10: 0.074, silog: 0.203

[2025-12-04 00:11:07,101][    INFO] Iter: 0/35, LR: 0.0000048, Loss: 0.122
[2025-12-04 00:11:31,552][    INFO] Validate
[2025-12-04 00:11:33,540][    INFO] ==================================================================================================
[2025-12-04 00:11:33,540][    INFO]       d1,       d2,       d3,  abs_rel,   sq_rel,     rmse, rmse_log,    log10,    silog
[2025-12-04 00:11:33,540][    INFO]   17.484,   19.142,   19.345,    6.771,   13.991,   19.439,    4.388,    1.395,    4.022
[2025-12-04 00:11:33,540][    INFO] ==================================================================================================
[2025-12-04 00:11:33,901][    INFO] ===========> Epoch: 6/120, d1: 0.874, d2: 0.959, d3: 0.970
[2025-12-04 00:11:33,901][    INFO] ===========> Epoch: 6/120, abs_rel: 0.339, sq_rel: 0.688, rmse: 0.972, rmse_log: 0.219, log10: 0.070, silog: 0.201

[2025-12-04 00:11:34,939][    INFO] Iter: 0/35, LR: 0.0000048, Loss: 0.115
[2025-12-04 00:11:59,532][    INFO] Validate
[2025-12-04 00:12:01,499][    INFO] ==================================================================================================
[2025-12-04 00:12:01,499][    INFO]       d1,       d2,       d3,  abs_rel,   sq_rel,     rmse, rmse_log,    log10,    silog
[2025-12-04 00:12:01,499][    INFO]   16.364,   19.207,   19.447,    6.172,   10.148,   19.940,    4.620,    1.580,    4.100
[2025-12-04 00:12:01,499][    INFO] ==================================================================================================
[2025-12-04 00:12:01,939][    INFO] ===========> Epoch: 7/120, d1: 0.874, d2: 0.960, d3: 0.972
[2025-12-04 00:12:01,940][    INFO] ===========> Epoch: 7/120, abs_rel: 0.309, sq_rel: 0.507, rmse: 0.972, rmse_log: 0.219, log10: 0.070, silog: 0.201

[2025-12-04 00:12:02,978][    INFO] Iter: 0/35, LR: 0.0000047, Loss: 0.160
[2025-12-04 00:12:27,738][    INFO] Validate
[2025-12-04 00:12:29,735][    INFO] ==================================================================================================
[2025-12-04 00:12:29,735][    INFO]       d1,       d2,       d3,  abs_rel,   sq_rel,     rmse, rmse_log,    log10,    silog
[2025-12-04 00:12:29,736][    INFO]   18.517,   19.415,   19.545,    5.992,   11.479,   16.713,    3.748,    1.193,    3.376
[2025-12-04 00:12:29,736][    INFO] ==================================================================================================
[2025-12-04 00:12:30,077][    INFO] ===========> Epoch: 8/120, d1: 0.926, d2: 0.971, d3: 0.977
[2025-12-04 00:12:30,077][    INFO] ===========> Epoch: 8/120, abs_rel: 0.300, sq_rel: 0.507, rmse: 0.836, rmse_log: 0.187, log10: 0.060, silog: 0.169

[2025-12-04 00:12:31,103][    INFO] Iter: 0/35, LR: 0.0000047, Loss: 0.084
[2025-12-04 00:12:55,898][    INFO] Validate
[2025-12-04 00:12:57,896][    INFO] ==================================================================================================
[2025-12-04 00:12:57,897][    INFO]       d1,       d2,       d3,  abs_rel,   sq_rel,     rmse, rmse_log,    log10,    silog
[2025-12-04 00:12:57,897][    INFO]   18.641,   19.518,   19.549,    5.294,    8.986,   15.918,    3.444,    1.104,    3.170
[2025-12-04 00:12:57,897][    INFO] ==================================================================================================
[2025-12-04 00:12:58,320][    INFO] ===========> Epoch: 9/120, d1: 0.932, d2: 0.976, d3: 0.977
[2025-12-04 00:12:58,320][    INFO] ===========> Epoch: 9/120, abs_rel: 0.265, sq_rel: 0.449, rmse: 0.796, rmse_log: 0.172, log10: 0.055, silog: 0.158

[2025-12-04 00:12:59,294][    INFO] Iter: 0/35, LR: 0.0000047, Loss: 0.104
[2025-12-04 00:13:24,009][    INFO] Validate
[2025-12-04 00:13:25,964][    INFO] ==================================================================================================
[2025-12-04 00:13:25,964][    INFO]       d1,       d2,       d3,  abs_rel,   sq_rel,     rmse, rmse_log,    log10,    silog
[2025-12-04 00:13:25,965][    INFO]   18.549,   19.418,   19.547,    6.373,   12.731,   17.317,    3.726,    1.225,    3.308
[2025-12-04 00:13:25,965][    INFO] ==================================================================================================
[2025-12-04 00:13:26,335][    INFO] ===========> Epoch: 10/120, d1: 0.932, d2: 0.976, d3: 0.977
[2025-12-04 00:13:26,335][    INFO] ===========> Epoch: 10/120, abs_rel: 0.265, sq_rel: 0.449, rmse: 0.796, rmse_log: 0.172, log10: 0.055, silog: 0.158

[2025-12-04 00:13:27,355][    INFO] Iter: 0/35, LR: 0.0000046, Loss: 0.091
[2025-12-04 00:13:52,013][    INFO] Validate
[2025-12-04 00:13:53,986][    INFO] ==================================================================================================
[2025-12-04 00:13:53,986][    INFO]       d1,       d2,       d3,  abs_rel,   sq_rel,     rmse, rmse_log,    log10,    silog
[2025-12-04 00:13:53,986][    INFO]   18.211,   19.078,   19.259,    5.398,    8.943,   15.622,    3.973,    1.239,    3.648
[2025-12-04 00:13:53,986][    INFO] ==================================================================================================
[2025-12-04 00:13:54,410][    INFO] ===========> Epoch: 11/120, d1: 0.932, d2: 0.976, d3: 0.977
[2025-12-04 00:13:54,411][    INFO] ===========> Epoch: 11/120, abs_rel: 0.265, sq_rel: 0.447, rmse: 0.781, rmse_log: 0.172, log10: 0.055, silog: 0.158

[2025-12-04 00:13:55,434][    INFO] Iter: 0/35, LR: 0.0000046, Loss: 0.088
[2025-12-04 00:14:20,149][    INFO] Validate
[2025-12-04 00:14:22,179][    INFO] ==================================================================================================
[2025-12-04 00:14:22,179][    INFO]       d1,       d2,       d3,  abs_rel,   sq_rel,     rmse, rmse_log,    log10,    silog
[2025-12-04 00:14:22,179][    INFO]   18.792,   19.295,   19.544,    4.860,    7.768,   14.624,    3.408,    1.047,    3.141
[2025-12-04 00:14:22,179][    INFO] ==================================================================================================
[2025-12-04 00:14:22,616][    INFO] ===========> Epoch: 12/120, d1: 0.940, d2: 0.976, d3: 0.977
[2025-12-04 00:14:22,616][    INFO] ===========> Epoch: 12/120, abs_rel: 0.243, sq_rel: 0.388, rmse: 0.731, rmse_log: 0.170, log10: 0.052, silog: 0.157

[2025-12-04 00:14:23,649][    INFO] Iter: 0/35, LR: 0.0000045, Loss: 0.082
[2025-12-04 00:14:48,749][    INFO] Validate
[2025-12-04 00:14:50,758][    INFO] ==================================================================================================
[2025-12-04 00:14:50,758][    INFO]       d1,       d2,       d3,  abs_rel,   sq_rel,     rmse, rmse_log,    log10,    silog
[2025-12-04 00:14:50,758][    INFO]   18.350,   19.194,   19.535,    5.718,   10.502,   16.639,    3.830,    1.208,    3.514
[2025-12-04 00:14:50,758][    INFO] ==================================================================================================
[2025-12-04 00:14:51,181][    INFO] ===========> Epoch: 13/120, d1: 0.940, d2: 0.976, d3: 0.977
[2025-12-04 00:14:51,181][    INFO] ===========> Epoch: 13/120, abs_rel: 0.243, sq_rel: 0.388, rmse: 0.731, rmse_log: 0.170, log10: 0.052, silog: 0.157

[2025-12-04 00:14:52,265][    INFO] Iter: 0/35, LR: 0.0000045, Loss: 0.078
[2025-12-04 00:15:17,455][    INFO] Validate
[2025-12-04 00:15:19,448][    INFO] ==================================================================================================
[2025-12-04 00:15:19,448][    INFO]       d1,       d2,       d3,  abs_rel,   sq_rel,     rmse, rmse_log,    log10,    silog
[2025-12-04 00:15:19,449][    INFO]   18.567,   19.404,   19.555,    4.390,    5.758,   13.273,    3.286,    1.054,    3.001
[2025-12-04 00:15:19,449][    INFO] ==================================================================================================
[2025-12-04 00:15:19,826][    INFO] ===========> Epoch: 14/120, d1: 0.940, d2: 0.976, d3: 0.978
[2025-12-04 00:15:19,826][    INFO] ===========> Epoch: 14/120, abs_rel: 0.219, sq_rel: 0.288, rmse: 0.664, rmse_log: 0.164, log10: 0.052, silog: 0.150

[2025-12-04 00:15:20,882][    INFO] Iter: 0/35, LR: 0.0000045, Loss: 0.102
[2025-12-04 00:15:45,884][    INFO] Validate
[2025-12-04 00:15:47,889][    INFO] ==================================================================================================
[2025-12-04 00:15:47,890][    INFO]       d1,       d2,       d3,  abs_rel,   sq_rel,     rmse, rmse_log,    log10,    silog
[2025-12-04 00:15:47,890][    INFO]   18.964,   19.525,   19.545,    5.480,    9.478,   15.469,    3.378,    1.103,    3.027
[2025-12-04 00:15:47,890][    INFO] ==================================================================================================
[2025-12-04 00:15:48,313][    INFO] ===========> Epoch: 15/120, d1: 0.948, d2: 0.976, d3: 0.978
[2025-12-04 00:15:48,313][    INFO] ===========> Epoch: 15/120, abs_rel: 0.219, sq_rel: 0.288, rmse: 0.664, rmse_log: 0.164, log10: 0.052, silog: 0.150

[2025-12-04 00:15:49,362][    INFO] Iter: 0/35, LR: 0.0000044, Loss: 0.092
[2025-12-04 00:16:14,217][    INFO] Validate
[2025-12-04 00:16:16,219][    INFO] ==================================================================================================
[2025-12-04 00:16:16,219][    INFO]       d1,       d2,       d3,  abs_rel,   sq_rel,     rmse, rmse_log,    log10,    silog
[2025-12-04 00:16:16,219][    INFO]   18.915,   19.504,   19.551,    4.789,    7.674,   13.583,    3.195,    1.003,    2.946
[2025-12-04 00:16:16,219][    INFO] ==================================================================================================
[2025-12-04 00:16:16,592][    INFO] ===========> Epoch: 16/120, d1: 0.948, d2: 0.976, d3: 0.978
[2025-12-04 00:16:16,592][    INFO] ===========> Epoch: 16/120, abs_rel: 0.219, sq_rel: 0.288, rmse: 0.664, rmse_log: 0.160, log10: 0.050, silog: 0.147

[2025-12-04 00:16:17,631][    INFO] Iter: 0/35, LR: 0.0000044, Loss: 0.074
[2025-12-04 00:16:42,460][    INFO] Validate
[2025-12-04 00:16:44,477][    INFO] ==================================================================================================
[2025-12-04 00:16:44,477][    INFO]       d1,       d2,       d3,  abs_rel,   sq_rel,     rmse, rmse_log,    log10,    silog
[2025-12-04 00:16:44,478][    INFO]   19.145,   19.530,   19.546,    5.607,   10.749,   13.873,    3.216,    1.037,    2.885
[2025-12-04 00:16:44,478][    INFO] ==================================================================================================
[2025-12-04 00:16:44,890][    INFO] ===========> Epoch: 17/120, d1: 0.957, d2: 0.977, d3: 0.978
[2025-12-04 00:16:44,890][    INFO] ===========> Epoch: 17/120, abs_rel: 0.219, sq_rel: 0.288, rmse: 0.664, rmse_log: 0.160, log10: 0.050, silog: 0.144

[2025-12-04 00:16:45,957][    INFO] Iter: 0/35, LR: 0.0000044, Loss: 0.083
[2025-12-04 00:17:10,869][    INFO] Validate
[2025-12-04 00:17:12,872][    INFO] ==================================================================================================
[2025-12-04 00:17:12,872][    INFO]       d1,       d2,       d3,  abs_rel,   sq_rel,     rmse, rmse_log,    log10,    silog
[2025-12-04 00:17:12,873][    INFO]   19.054,   19.530,   19.547,    5.278,    9.498,   13.186,    3.145,    1.007,    2.846
[2025-12-04 00:17:12,873][    INFO] ==================================================================================================
[2025-12-04 00:17:13,314][    INFO] ===========> Epoch: 18/120, d1: 0.957, d2: 0.977, d3: 0.978
[2025-12-04 00:17:13,314][    INFO] ===========> Epoch: 18/120, abs_rel: 0.219, sq_rel: 0.288, rmse: 0.659, rmse_log: 0.157, log10: 0.050, silog: 0.142

[2025-12-04 00:17:14,373][    INFO] Iter: 0/35, LR: 0.0000043, Loss: 0.081
[2025-12-04 00:17:39,212][    INFO] Validate
[2025-12-04 00:17:41,203][    INFO] ==================================================================================================
[2025-12-04 00:17:41,203][    INFO]       d1,       d2,       d3,  abs_rel,   sq_rel,     rmse, rmse_log,    log10,    silog
[2025-12-04 00:17:41,204][    INFO]   18.713,   19.212,   19.493,    4.952,    7.958,   12.825,    3.345,    1.056,    3.055
[2025-12-04 00:17:41,204][    INFO] ==================================================================================================
[2025-12-04 00:17:41,632][    INFO] ===========> Epoch: 19/120, d1: 0.957, d2: 0.977, d3: 0.978
[2025-12-04 00:17:41,632][    INFO] ===========> Epoch: 19/120, abs_rel: 0.219, sq_rel: 0.288, rmse: 0.641, rmse_log: 0.157, log10: 0.050, silog: 0.142

[2025-12-04 00:17:42,681][    INFO] Iter: 0/35, LR: 0.0000043, Loss: 0.078
[2025-12-04 00:18:07,479][    INFO] Validate
[2025-12-04 00:18:09,452][    INFO] ==================================================================================================
[2025-12-04 00:18:09,452][    INFO]       d1,       d2,       d3,  abs_rel,   sq_rel,     rmse, rmse_log,    log10,    silog
[2025-12-04 00:18:09,452][    INFO]   18.838,   19.524,   19.544,    6.052,   11.314,   15.534,    3.566,    1.184,    3.070
[2025-12-04 00:18:09,452][    INFO] ==================================================================================================
[2025-12-04 00:18:09,840][    INFO] ===========> Epoch: 20/120, d1: 0.957, d2: 0.977, d3: 0.978
[2025-12-04 00:18:09,841][    INFO] ===========> Epoch: 20/120, abs_rel: 0.219, sq_rel: 0.288, rmse: 0.641, rmse_log: 0.157, log10: 0.050, silog: 0.142

[2025-12-04 00:18:10,871][    INFO] Iter: 0/35, LR: 0.0000042, Loss: 0.074
[2025-12-04 00:18:35,633][    INFO] Validate
[2025-12-04 00:18:37,624][    INFO] ==================================================================================================
[2025-12-04 00:18:37,624][    INFO]       d1,       d2,       d3,  abs_rel,   sq_rel,     rmse, rmse_log,    log10,    silog
[2025-12-04 00:18:37,624][    INFO]   19.256,   19.532,   19.547,    4.870,    8.030,   13.144,    3.028,    0.959,    2.734
[2025-12-04 00:18:37,624][    INFO] ==================================================================================================
[2025-12-04 00:18:37,993][    INFO] ===========> Epoch: 21/120, d1: 0.963, d2: 0.977, d3: 0.978
[2025-12-04 00:18:37,993][    INFO] ===========> Epoch: 21/120, abs_rel: 0.219, sq_rel: 0.288, rmse: 0.641, rmse_log: 0.151, log10: 0.048, silog: 0.137

[2025-12-04 00:18:39,022][    INFO] Iter: 0/35, LR: 0.0000042, Loss: 0.076
[2025-12-04 00:19:03,776][    INFO] Validate
[2025-12-04 00:19:05,767][    INFO] ==================================================================================================
[2025-12-04 00:19:05,767][    INFO]       d1,       d2,       d3,  abs_rel,   sq_rel,     rmse, rmse_log,    log10,    silog
[2025-12-04 00:19:05,768][    INFO]   18.997,   19.528,   19.543,    6.181,   13.374,   13.463,    3.324,    1.050,    3.025
[2025-12-04 00:19:05,768][    INFO] ==================================================================================================
[2025-12-04 00:19:06,167][    INFO] ===========> Epoch: 22/120, d1: 0.963, d2: 0.977, d3: 0.978
[2025-12-04 00:19:06,167][    INFO] ===========> Epoch: 22/120, abs_rel: 0.219, sq_rel: 0.288, rmse: 0.641, rmse_log: 0.151, log10: 0.048, silog: 0.137

[2025-12-04 00:19:07,204][    INFO] Iter: 0/35, LR: 0.0000042, Loss: 0.067
[2025-12-04 00:19:32,126][    INFO] Validate
[2025-12-04 00:19:34,122][    INFO] ==================================================================================================
[2025-12-04 00:19:34,122][    INFO]       d1,       d2,       d3,  abs_rel,   sq_rel,     rmse, rmse_log,    log10,    silog
[2025-12-04 00:19:34,122][    INFO]   19.018,   19.523,   19.547,    4.958,    8.232,   12.796,    3.203,    1.023,    2.848
[2025-12-04 00:19:34,122][    INFO] ==================================================================================================
[2025-12-04 00:19:34,511][    INFO] ===========> Epoch: 23/120, d1: 0.963, d2: 0.977, d3: 0.978
[2025-12-04 00:19:34,511][    INFO] ===========> Epoch: 23/120, abs_rel: 0.219, sq_rel: 0.288, rmse: 0.640, rmse_log: 0.151, log10: 0.048, silog: 0.137

[2025-12-04 00:19:35,567][    INFO] Iter: 0/35, LR: 0.0000041, Loss: 0.089
[2025-12-04 00:20:00,365][    INFO] Validate
[2025-12-04 00:20:02,390][    INFO] ==================================================================================================
[2025-12-04 00:20:02,390][    INFO]       d1,       d2,       d3,  abs_rel,   sq_rel,     rmse, rmse_log,    log10,    silog
[2025-12-04 00:20:02,390][    INFO]   19.178,   19.533,   19.544,    4.805,    8.056,   11.047,    2.880,    0.905,    2.611
[2025-12-04 00:20:02,390][    INFO] ==================================================================================================
[2025-12-04 00:20:02,756][    INFO] ===========> Epoch: 24/120, d1: 0.963, d2: 0.977, d3: 0.978
[2025-12-04 00:20:02,756][    INFO] ===========> Epoch: 24/120, abs_rel: 0.219, sq_rel: 0.288, rmse: 0.552, rmse_log: 0.144, log10: 0.045, silog: 0.131

[2025-12-04 00:20:03,789][    INFO] Iter: 0/35, LR: 0.0000041, Loss: 0.059
[2025-12-04 00:20:28,623][    INFO] Validate
[2025-12-04 00:20:30,634][    INFO] ==================================================================================================
[2025-12-04 00:20:30,634][    INFO]       d1,       d2,       d3,  abs_rel,   sq_rel,     rmse, rmse_log,    log10,    silog
[2025-12-04 00:20:30,635][    INFO]   19.302,   19.534,   19.549,    4.244,    6.057,   11.414,    2.791,    0.885,    2.527
[2025-12-04 00:20:30,635][    INFO] ==================================================================================================
[2025-12-04 00:20:31,063][    INFO] ===========> Epoch: 25/120, d1: 0.965, d2: 0.977, d3: 0.978
[2025-12-04 00:20:31,063][    INFO] ===========> Epoch: 25/120, abs_rel: 0.212, sq_rel: 0.288, rmse: 0.552, rmse_log: 0.140, log10: 0.044, silog: 0.126

[2025-12-04 00:20:32,131][    INFO] Iter: 0/35, LR: 0.0000041, Loss: 0.075
[2025-12-04 00:20:56,924][    INFO] Validate
[2025-12-04 00:20:58,915][    INFO] ==================================================================================================
[2025-12-04 00:20:58,915][    INFO]       d1,       d2,       d3,  abs_rel,   sq_rel,     rmse, rmse_log,    log10,    silog
[2025-12-04 00:20:58,915][    INFO]   19.087,   19.532,   19.548,    4.452,    6.510,   12.034,    2.919,    0.949,    2.608
[2025-12-04 00:20:58,915][    INFO] ==================================================================================================
[2025-12-04 00:20:59,350][    INFO] ===========> Epoch: 26/120, d1: 0.965, d2: 0.977, d3: 0.978
[2025-12-04 00:20:59,350][    INFO] ===========> Epoch: 26/120, abs_rel: 0.212, sq_rel: 0.288, rmse: 0.552, rmse_log: 0.140, log10: 0.044, silog: 0.126

[2025-12-04 00:21:00,380][    INFO] Iter: 0/35, LR: 0.0000040, Loss: 0.080
[2025-12-04 00:21:25,175][    INFO] Validate
[2025-12-04 00:21:27,202][    INFO] ==================================================================================================
[2025-12-04 00:21:27,202][    INFO]       d1,       d2,       d3,  abs_rel,   sq_rel,     rmse, rmse_log,    log10,    silog
[2025-12-04 00:21:27,202][    INFO]   19.267,   19.534,   19.545,    4.727,    7.963,   11.031,    2.852,    0.899,    2.581
[2025-12-04 00:21:27,202][    INFO] ==================================================================================================
[2025-12-04 00:21:27,637][    INFO] ===========> Epoch: 27/120, d1: 0.965, d2: 0.977, d3: 0.978
[2025-12-04 00:21:27,637][    INFO] ===========> Epoch: 27/120, abs_rel: 0.212, sq_rel: 0.288, rmse: 0.552, rmse_log: 0.140, log10: 0.044, silog: 0.126

[2025-12-04 00:21:28,680][    INFO] Iter: 0/35, LR: 0.0000040, Loss: 0.062
[2025-12-04 00:21:53,536][    INFO] Validate
[2025-12-04 00:21:55,536][    INFO] ==================================================================================================
[2025-12-04 00:21:55,536][    INFO]       d1,       d2,       d3,  abs_rel,   sq_rel,     rmse, rmse_log,    log10,    silog
[2025-12-04 00:21:55,536][    INFO]   19.341,   19.532,   19.543,    5.070,    9.275,   10.427,    2.851,    0.896,    2.586
[2025-12-04 00:21:55,536][    INFO] ==================================================================================================
[2025-12-04 00:21:55,973][    INFO] ===========> Epoch: 28/120, d1: 0.967, d2: 0.977, d3: 0.978
[2025-12-04 00:21:55,973][    INFO] ===========> Epoch: 28/120, abs_rel: 0.212, sq_rel: 0.288, rmse: 0.521, rmse_log: 0.140, log10: 0.044, silog: 0.126

[2025-12-04 00:21:57,006][    INFO] Iter: 0/35, LR: 0.0000039, Loss: 0.079
[2025-12-04 00:22:21,898][    INFO] Validate
[2025-12-04 00:22:23,916][    INFO] ==================================================================================================
[2025-12-04 00:22:23,916][    INFO]       d1,       d2,       d3,  abs_rel,   sq_rel,     rmse, rmse_log,    log10,    silog
[2025-12-04 00:22:23,916][    INFO]   18.812,   19.496,   19.549,    4.725,    7.384,   10.965,    3.096,    0.972,    2.800
[2025-12-04 00:22:23,916][    INFO] ==================================================================================================
[2025-12-04 00:22:24,283][    INFO] ===========> Epoch: 29/120, d1: 0.967, d2: 0.977, d3: 0.978
[2025-12-04 00:22:24,284][    INFO] ===========> Epoch: 29/120, abs_rel: 0.212, sq_rel: 0.288, rmse: 0.521, rmse_log: 0.140, log10: 0.044, silog: 0.126

[2025-12-04 00:22:25,305][    INFO] Iter: 0/35, LR: 0.0000039, Loss: 0.076
[2025-12-04 00:22:50,120][    INFO] Validate
[2025-12-04 00:22:52,126][    INFO] ==================================================================================================
[2025-12-04 00:22:52,126][    INFO]       d1,       d2,       d3,  abs_rel,   sq_rel,     rmse, rmse_log,    log10,    silog
[2025-12-04 00:22:52,126][    INFO]   18.947,   19.303,   19.536,    4.740,    7.794,   10.510,    3.032,    0.937,    2.746
[2025-12-04 00:22:52,126][    INFO] ==================================================================================================
[2025-12-04 00:22:52,560][    INFO] ===========> Epoch: 30/120, d1: 0.967, d2: 0.977, d3: 0.978
[2025-12-04 00:22:52,560][    INFO] ===========> Epoch: 30/120, abs_rel: 0.212, sq_rel: 0.288, rmse: 0.521, rmse_log: 0.140, log10: 0.044, silog: 0.126

[2025-12-04 00:22:53,586][    INFO] Iter: 0/35, LR: 0.0000039, Loss: 0.062
[2025-12-04 00:23:18,450][    INFO] Validate
[2025-12-04 00:23:20,445][    INFO] ==================================================================================================
[2025-12-04 00:23:20,446][    INFO]       d1,       d2,       d3,  abs_rel,   sq_rel,     rmse, rmse_log,    log10,    silog
[2025-12-04 00:23:20,446][    INFO]   19.066,   19.525,   19.546,    4.698,    7.582,   10.075,    2.921,    0.905,    2.670
[2025-12-04 00:23:20,446][    INFO] ==================================================================================================
[2025-12-04 00:23:20,855][    INFO] ===========> Epoch: 31/120, d1: 0.967, d2: 0.977, d3: 0.978
[2025-12-04 00:23:20,855][    INFO] ===========> Epoch: 31/120, abs_rel: 0.212, sq_rel: 0.288, rmse: 0.504, rmse_log: 0.140, log10: 0.044, silog: 0.126

[2025-12-04 00:23:21,896][    INFO] Iter: 0/35, LR: 0.0000038, Loss: 0.057
[2025-12-04 00:23:46,768][    INFO] Validate
[2025-12-04 00:23:48,769][    INFO] ==================================================================================================
[2025-12-04 00:23:48,769][    INFO]       d1,       d2,       d3,  abs_rel,   sq_rel,     rmse, rmse_log,    log10,    silog
[2025-12-04 00:23:48,769][    INFO]   19.191,   19.534,   19.546,    5.034,    8.627,   10.374,    2.943,    0.938,    2.626
[2025-12-04 00:23:48,769][    INFO] ==================================================================================================
[2025-12-04 00:23:49,165][    INFO] ===========> Epoch: 32/120, d1: 0.967, d2: 0.977, d3: 0.978
[2025-12-04 00:23:49,166][    INFO] ===========> Epoch: 32/120, abs_rel: 0.212, sq_rel: 0.288, rmse: 0.504, rmse_log: 0.140, log10: 0.044, silog: 0.126

[2025-12-04 00:23:50,223][    INFO] Iter: 0/35, LR: 0.0000038, Loss: 0.061
[2025-12-04 00:24:15,102][    INFO] Validate
[2025-12-04 00:24:17,099][    INFO] ==================================================================================================
[2025-12-04 00:24:17,100][    INFO]       d1,       d2,       d3,  abs_rel,   sq_rel,     rmse, rmse_log,    log10,    silog
[2025-12-04 00:24:17,100][    INFO]   19.156,   19.532,   19.544,    5.144,    9.172,   11.268,    2.992,    0.933,    2.732
[2025-12-04 00:24:17,100][    INFO] ==================================================================================================
[2025-12-04 00:24:17,548][    INFO] ===========> Epoch: 33/120, d1: 0.967, d2: 0.977, d3: 0.978
[2025-12-04 00:24:17,548][    INFO] ===========> Epoch: 33/120, abs_rel: 0.212, sq_rel: 0.288, rmse: 0.504, rmse_log: 0.140, log10: 0.044, silog: 0.126

[2025-12-04 00:24:18,629][    INFO] Iter: 0/35, LR: 0.0000037, Loss: 0.059
[2025-12-04 00:24:43,495][    INFO] Validate
[2025-12-04 00:24:45,526][    INFO] ==================================================================================================
[2025-12-04 00:24:45,526][    INFO]       d1,       d2,       d3,  abs_rel,   sq_rel,     rmse, rmse_log,    log10,    silog
[2025-12-04 00:24:45,526][    INFO]   18.679,   19.162,   19.436,    4.295,    5.394,   11.285,    3.339,    1.068,    2.996
[2025-12-04 00:24:45,527][    INFO] ==================================================================================================
[2025-12-04 00:24:45,950][    INFO] ===========> Epoch: 34/120, d1: 0.967, d2: 0.977, d3: 0.978
[2025-12-04 00:24:45,951][    INFO] ===========> Epoch: 34/120, abs_rel: 0.212, sq_rel: 0.270, rmse: 0.504, rmse_log: 0.140, log10: 0.044, silog: 0.126

[2025-12-04 00:24:47,026][    INFO] Iter: 0/35, LR: 0.0000037, Loss: 0.109
[2025-12-04 00:25:11,980][    INFO] Validate
[2025-12-04 00:25:13,977][    INFO] ==================================================================================================
[2025-12-04 00:25:13,977][    INFO]       d1,       d2,       d3,  abs_rel,   sq_rel,     rmse, rmse_log,    log10,    silog
[2025-12-04 00:25:13,978][    INFO]   19.419,   19.535,   19.546,    4.718,    8.172,    9.602,    2.693,    0.839,    2.436
[2025-12-04 00:25:13,978][    INFO] ==================================================================================================
[2025-12-04 00:25:14,423][    INFO] ===========> Epoch: 35/120, d1: 0.971, d2: 0.977, d3: 0.978
[2025-12-04 00:25:14,423][    INFO] ===========> Epoch: 35/120, abs_rel: 0.212, sq_rel: 0.270, rmse: 0.480, rmse_log: 0.135, log10: 0.042, silog: 0.122

[2025-12-04 00:25:15,489][    INFO] Iter: 0/35, LR: 0.0000037, Loss: 0.060
[2025-12-04 00:25:40,437][    INFO] Validate
[2025-12-04 00:25:42,425][    INFO] ==================================================================================================
[2025-12-04 00:25:42,425][    INFO]       d1,       d2,       d3,  abs_rel,   sq_rel,     rmse, rmse_log,    log10,    silog
[2025-12-04 00:25:42,426][    INFO]   19.422,   19.532,   19.545,    4.582,    7.832,    9.428,    2.625,    0.814,    2.386
[2025-12-04 00:25:42,426][    INFO] ==================================================================================================
[2025-12-04 00:25:42,838][    INFO] ===========> Epoch: 36/120, d1: 0.971, d2: 0.977, d3: 0.978
[2025-12-04 00:25:42,838][    INFO] ===========> Epoch: 36/120, abs_rel: 0.212, sq_rel: 0.270, rmse: 0.471, rmse_log: 0.131, log10: 0.041, silog: 0.119

[2025-12-04 00:25:43,872][    INFO] Iter: 0/35, LR: 0.0000036, Loss: 0.054
[2025-12-04 00:26:08,769][    INFO] Validate
[2025-12-04 00:26:10,769][    INFO] ==================================================================================================
[2025-12-04 00:26:10,769][    INFO]       d1,       d2,       d3,  abs_rel,   sq_rel,     rmse, rmse_log,    log10,    silog
[2025-12-04 00:26:10,769][    INFO]   19.310,   19.536,   19.548,    4.409,    6.809,    9.871,    2.739,    0.860,    2.496
[2025-12-04 00:26:10,769][    INFO] ==================================================================================================
[2025-12-04 00:26:11,185][    INFO] ===========> Epoch: 37/120, d1: 0.971, d2: 0.977, d3: 0.978
[2025-12-04 00:26:11,185][    INFO] ===========> Epoch: 37/120, abs_rel: 0.212, sq_rel: 0.270, rmse: 0.471, rmse_log: 0.131, log10: 0.041, silog: 0.119

[2025-12-04 00:26:12,240][    INFO] Iter: 0/35, LR: 0.0000036, Loss: 0.066
[2025-12-04 00:26:37,081][    INFO] Validate
[2025-12-04 00:26:39,089][    INFO] ==================================================================================================
[2025-12-04 00:26:39,089][    INFO]       d1,       d2,       d3,  abs_rel,   sq_rel,     rmse, rmse_log,    log10,    silog
[2025-12-04 00:26:39,089][    INFO]   19.361,   19.536,   19.547,    4.400,    6.629,   10.269,    2.768,    0.883,    2.489
[2025-12-04 00:26:39,089][    INFO] ==================================================================================================
[2025-12-04 00:26:39,511][    INFO] ===========> Epoch: 38/120, d1: 0.971, d2: 0.977, d3: 0.978
[2025-12-04 00:26:39,511][    INFO] ===========> Epoch: 38/120, abs_rel: 0.212, sq_rel: 0.270, rmse: 0.471, rmse_log: 0.131, log10: 0.041, silog: 0.119

[2025-12-04 00:26:40,563][    INFO] Iter: 0/35, LR: 0.0000035, Loss: 0.060
[2025-12-04 00:27:05,364][    INFO] Validate
[2025-12-04 00:27:07,387][    INFO] ==================================================================================================
[2025-12-04 00:27:07,387][    INFO]       d1,       d2,       d3,  abs_rel,   sq_rel,     rmse, rmse_log,    log10,    silog
[2025-12-04 00:27:07,387][    INFO]   18.680,   19.210,   19.551,    3.959,    4.123,   12.242,    3.246,    1.083,    2.901
[2025-12-04 00:27:07,387][    INFO] ==================================================================================================
[2025-12-04 00:27:07,808][    INFO] ===========> Epoch: 39/120, d1: 0.971, d2: 0.977, d3: 0.978
[2025-12-04 00:27:07,808][    INFO] ===========> Epoch: 39/120, abs_rel: 0.198, sq_rel: 0.206, rmse: 0.471, rmse_log: 0.131, log10: 0.041, silog: 0.119

[2025-12-04 00:27:08,852][    INFO] Iter: 0/35, LR: 0.0000035, Loss: 0.095
[2025-12-04 00:27:33,742][    INFO] Validate
[2025-12-04 00:27:35,739][    INFO] ==================================================================================================
[2025-12-04 00:27:35,739][    INFO]       d1,       d2,       d3,  abs_rel,   sq_rel,     rmse, rmse_log,    log10,    silog
[2025-12-04 00:27:35,739][    INFO]   19.449,   19.532,   19.546,    4.529,    7.447,   10.098,    2.669,    0.830,    2.410
[2025-12-04 00:27:35,739][    INFO] ==================================================================================================
[2025-12-04 00:27:36,129][    INFO] ===========> Epoch: 40/120, d1: 0.972, d2: 0.977, d3: 0.978
[2025-12-04 00:27:36,130][    INFO] ===========> Epoch: 40/120, abs_rel: 0.198, sq_rel: 0.206, rmse: 0.471, rmse_log: 0.131, log10: 0.041, silog: 0.119

[2025-12-04 00:27:37,186][    INFO] Iter: 0/35, LR: 0.0000035, Loss: 0.056
[2025-12-04 00:28:02,090][    INFO] Validate
[2025-12-04 00:28:04,096][    INFO] ==================================================================================================
[2025-12-04 00:28:04,096][    INFO]       d1,       d2,       d3,  abs_rel,   sq_rel,     rmse, rmse_log,    log10,    silog
[2025-12-04 00:28:04,096][    INFO]   19.409,   19.535,   19.547,    4.610,    7.756,   10.347,    2.690,    0.843,    2.421
[2025-12-04 00:28:04,096][    INFO] ==================================================================================================
[2025-12-04 00:28:04,466][    INFO] ===========> Epoch: 41/120, d1: 0.972, d2: 0.977, d3: 0.978
[2025-12-04 00:28:04,466][    INFO] ===========> Epoch: 41/120, abs_rel: 0.198, sq_rel: 0.206, rmse: 0.471, rmse_log: 0.131, log10: 0.041, silog: 0.119

[2025-12-04 00:28:05,489][    INFO] Iter: 0/35, LR: 0.0000034, Loss: 0.047
[2025-12-04 00:28:30,397][    INFO] Validate
[2025-12-04 00:28:32,402][    INFO] ==================================================================================================
[2025-12-04 00:28:32,402][    INFO]       d1,       d2,       d3,  abs_rel,   sq_rel,     rmse, rmse_log,    log10,    silog
[2025-12-04 00:28:32,403][    INFO]   19.263,   19.535,   19.549,    4.694,    7.353,   10.575,    2.875,    0.953,    2.536
[2025-12-04 00:28:32,403][    INFO] ==================================================================================================
[2025-12-04 00:28:32,830][    INFO] ===========> Epoch: 42/120, d1: 0.972, d2: 0.977, d3: 0.978
[2025-12-04 00:28:32,830][    INFO] ===========> Epoch: 42/120, abs_rel: 0.198, sq_rel: 0.206, rmse: 0.471, rmse_log: 0.131, log10: 0.041, silog: 0.119

[2025-12-04 00:28:33,866][    INFO] Iter: 0/35, LR: 0.0000034, Loss: 0.087
[2025-12-04 00:28:58,783][    INFO] Validate
[2025-12-04 00:29:00,796][    INFO] ==================================================================================================
[2025-12-04 00:29:00,796][    INFO]       d1,       d2,       d3,  abs_rel,   sq_rel,     rmse, rmse_log,    log10,    silog
[2025-12-04 00:29:00,796][    INFO]   19.171,   19.535,   19.548,    4.413,    6.943,    9.427,    2.678,    0.848,    2.412
[2025-12-04 00:29:00,796][    INFO] ==================================================================================================
[2025-12-04 00:29:01,242][    INFO] ===========> Epoch: 43/120, d1: 0.972, d2: 0.977, d3: 0.978
[2025-12-04 00:29:01,242][    INFO] ===========> Epoch: 43/120, abs_rel: 0.198, sq_rel: 0.206, rmse: 0.471, rmse_log: 0.131, log10: 0.041, silog: 0.119

[2025-12-04 00:29:02,274][    INFO] Iter: 0/35, LR: 0.0000034, Loss: 0.059
[2025-12-04 00:29:27,229][    INFO] Validate
[2025-12-04 00:29:29,229][    INFO] ==================================================================================================
[2025-12-04 00:29:29,230][    INFO]       d1,       d2,       d3,  abs_rel,   sq_rel,     rmse, rmse_log,    log10,    silog
[2025-12-04 00:29:29,230][    INFO]   19.034,   19.534,   19.550,    4.313,    6.013,    9.753,    2.839,    0.929,    2.530
[2025-12-04 00:29:29,230][    INFO] ==================================================================================================
[2025-12-04 00:29:29,661][    INFO] ===========> Epoch: 44/120, d1: 0.972, d2: 0.977, d3: 0.978
[2025-12-04 00:29:29,661][    INFO] ===========> Epoch: 44/120, abs_rel: 0.198, sq_rel: 0.206, rmse: 0.471, rmse_log: 0.131, log10: 0.041, silog: 0.119

[2025-12-04 00:29:30,741][    INFO] Iter: 0/35, LR: 0.0000033, Loss: 0.076
[2025-12-04 00:29:55,581][    INFO] Validate
[2025-12-04 00:29:57,603][    INFO] ==================================================================================================
[2025-12-04 00:29:57,603][    INFO]       d1,       d2,       d3,  abs_rel,   sq_rel,     rmse, rmse_log,    log10,    silog
[2025-12-04 00:29:57,604][    INFO]   19.261,   19.531,   19.545,    4.438,    6.877,    9.364,    2.718,    0.841,    2.449
[2025-12-04 00:29:57,604][    INFO] ==================================================================================================
[2025-12-04 00:29:58,010][    INFO] ===========> Epoch: 45/120, d1: 0.972, d2: 0.977, d3: 0.978
[2025-12-04 00:29:58,010][    INFO] ===========> Epoch: 45/120, abs_rel: 0.198, sq_rel: 0.206, rmse: 0.468, rmse_log: 0.131, log10: 0.041, silog: 0.119

[2025-12-04 00:29:59,051][    INFO] Iter: 0/35, LR: 0.0000033, Loss: 0.060
[2025-12-04 00:30:23,924][    INFO] Validate
[2025-12-04 00:30:25,936][    INFO] ==================================================================================================
[2025-12-04 00:30:25,937][    INFO]       d1,       d2,       d3,  abs_rel,   sq_rel,     rmse, rmse_log,    log10,    silog
[2025-12-04 00:30:25,937][    INFO]   19.210,   19.536,   19.547,    4.020,    5.820,    8.978,    2.611,    0.806,    2.374
[2025-12-04 00:30:25,937][    INFO] ==================================================================================================
[2025-12-04 00:30:26,347][    INFO] ===========> Epoch: 46/120, d1: 0.972, d2: 0.977, d3: 0.978
[2025-12-04 00:30:26,347][    INFO] ===========> Epoch: 46/120, abs_rel: 0.198, sq_rel: 0.206, rmse: 0.449, rmse_log: 0.131, log10: 0.040, silog: 0.119

[2025-12-04 00:30:27,405][    INFO] Iter: 0/35, LR: 0.0000032, Loss: 0.055
[2025-12-04 00:30:52,224][    INFO] Validate
[2025-12-04 00:30:54,205][    INFO] ==================================================================================================
[2025-12-04 00:30:54,205][    INFO]       d1,       d2,       d3,  abs_rel,   sq_rel,     rmse, rmse_log,    log10,    silog
[2025-12-04 00:30:54,205][    INFO]   19.456,   19.535,   19.547,    4.308,    6.885,    9.353,    2.530,    0.794,    2.292
[2025-12-04 00:30:54,205][    INFO] ==================================================================================================
[2025-12-04 00:30:54,592][    INFO] ===========> Epoch: 47/120, d1: 0.973, d2: 0.977, d3: 0.978
[2025-12-04 00:30:54,593][    INFO] ===========> Epoch: 47/120, abs_rel: 0.198, sq_rel: 0.206, rmse: 0.449, rmse_log: 0.127, log10: 0.040, silog: 0.115

[2025-12-04 00:30:55,627][    INFO] Iter: 0/35, LR: 0.0000032, Loss: 0.053
[2025-12-04 00:31:20,546][    INFO] Validate
[2025-12-04 00:31:22,542][    INFO] ==================================================================================================
[2025-12-04 00:31:22,542][    INFO]       d1,       d2,       d3,  abs_rel,   sq_rel,     rmse, rmse_log,    log10,    silog
[2025-12-04 00:31:22,542][    INFO]   19.277,   19.541,   19.553,    3.819,    4.606,    9.242,    2.649,    0.868,    2.364
[2025-12-04 00:31:22,542][    INFO] ==================================================================================================
[2025-12-04 00:31:22,982][    INFO] ===========> Epoch: 48/120, d1: 0.973, d2: 0.977, d3: 0.978
[2025-12-04 00:31:22,982][    INFO] ===========> Epoch: 48/120, abs_rel: 0.191, sq_rel: 0.206, rmse: 0.449, rmse_log: 0.127, log10: 0.040, silog: 0.115

[2025-12-04 00:31:24,009][    INFO] Iter: 0/35, LR: 0.0000032, Loss: 0.086
[2025-12-04 00:31:48,872][    INFO] Validate
[2025-12-04 00:31:50,856][    INFO] ==================================================================================================
[2025-12-04 00:31:50,856][    INFO]       d1,       d2,       d3,  abs_rel,   sq_rel,     rmse, rmse_log,    log10,    silog
[2025-12-04 00:31:50,856][    INFO]   19.379,   19.538,   19.550,    3.993,    5.259,    9.142,    2.593,    0.850,    2.311
[2025-12-04 00:31:50,856][    INFO] ==================================================================================================
[2025-12-04 00:31:51,278][    INFO] ===========> Epoch: 49/120, d1: 0.973, d2: 0.977, d3: 0.978
[2025-12-04 00:31:51,278][    INFO] ===========> Epoch: 49/120, abs_rel: 0.191, sq_rel: 0.206, rmse: 0.449, rmse_log: 0.127, log10: 0.040, silog: 0.115

[2025-12-04 00:31:52,339][    INFO] Iter: 0/35, LR: 0.0000031, Loss: 0.067
[2025-12-04 00:32:17,098][    INFO] Validate
[2025-12-04 00:32:19,076][    INFO] ==================================================================================================
[2025-12-04 00:32:19,076][    INFO]       d1,       d2,       d3,  abs_rel,   sq_rel,     rmse, rmse_log,    log10,    silog
[2025-12-04 00:32:19,077][    INFO]   19.375,   19.538,   19.550,    3.940,    5.327,    8.927,    2.548,    0.814,    2.302
[2025-12-04 00:32:19,077][    INFO] ==================================================================================================
[2025-12-04 00:32:19,518][    INFO] ===========> Epoch: 50/120, d1: 0.973, d2: 0.977, d3: 0.978
[2025-12-04 00:32:19,518][    INFO] ===========> Epoch: 50/120, abs_rel: 0.191, sq_rel: 0.206, rmse: 0.446, rmse_log: 0.127, log10: 0.040, silog: 0.115

[2025-12-04 00:32:20,561][    INFO] Iter: 0/35, LR: 0.0000031, Loss: 0.066
[2025-12-04 00:32:45,412][    INFO] Validate
[2025-12-04 00:32:47,425][    INFO] ==================================================================================================
[2025-12-04 00:32:47,426][    INFO]       d1,       d2,       d3,  abs_rel,   sq_rel,     rmse, rmse_log,    log10,    silog
[2025-12-04 00:32:47,426][    INFO]   19.409,   19.537,   19.550,    4.139,    5.899,    9.102,    2.615,    0.833,    2.368
[2025-12-04 00:32:47,426][    INFO] ==================================================================================================
[2025-12-04 00:32:47,813][    INFO] ===========> Epoch: 51/120, d1: 0.973, d2: 0.977, d3: 0.978
[2025-12-04 00:32:47,813][    INFO] ===========> Epoch: 51/120, abs_rel: 0.191, sq_rel: 0.206, rmse: 0.446, rmse_log: 0.127, log10: 0.040, silog: 0.115

[2025-12-04 00:32:48,878][    INFO] Iter: 0/35, LR: 0.0000030, Loss: 0.057
[2025-12-04 00:33:13,664][    INFO] Validate
[2025-12-04 00:33:15,681][    INFO] ==================================================================================================
[2025-12-04 00:33:15,681][    INFO]       d1,       d2,       d3,  abs_rel,   sq_rel,     rmse, rmse_log,    log10,    silog
[2025-12-04 00:33:15,681][    INFO]   19.153,   19.524,   19.546,    4.740,    7.971,    9.045,    2.735,    0.855,    2.482
[2025-12-04 00:33:15,681][    INFO] ==================================================================================================
[2025-12-04 00:33:16,093][    INFO] ===========> Epoch: 52/120, d1: 0.973, d2: 0.977, d3: 0.978
[2025-12-04 00:33:16,093][    INFO] ===========> Epoch: 52/120, abs_rel: 0.191, sq_rel: 0.206, rmse: 0.446, rmse_log: 0.127, log10: 0.040, silog: 0.115

[2025-12-04 00:33:17,133][    INFO] Iter: 0/35, LR: 0.0000030, Loss: 0.051
[2025-12-04 00:33:42,240][    INFO] Validate
[2025-12-04 00:33:44,315][    INFO] ==================================================================================================
[2025-12-04 00:33:44,315][    INFO]       d1,       d2,       d3,  abs_rel,   sq_rel,     rmse, rmse_log,    log10,    silog
[2025-12-04 00:33:44,315][    INFO]   18.719,   19.537,   19.550,    4.129,    5.445,    9.502,    2.877,    0.924,    2.575
[2025-12-04 00:33:44,315][    INFO] ==================================================================================================
[2025-12-04 00:33:44,741][    INFO] ===========> Epoch: 53/120, d1: 0.973, d2: 0.977, d3: 0.978
[2025-12-04 00:33:44,741][    INFO] ===========> Epoch: 53/120, abs_rel: 0.191, sq_rel: 0.206, rmse: 0.446, rmse_log: 0.127, log10: 0.040, silog: 0.115

[2025-12-04 00:33:45,801][    INFO] Iter: 0/35, LR: 0.0000030, Loss: 0.063
[2025-12-04 00:34:11,594][    INFO] Validate
[2025-12-04 00:34:13,693][    INFO] ==================================================================================================
[2025-12-04 00:34:13,693][    INFO]       d1,       d2,       d3,  abs_rel,   sq_rel,     rmse, rmse_log,    log10,    silog
[2025-12-04 00:34:13,694][    INFO]   19.145,   19.537,   19.549,    4.411,    6.222,    9.835,    2.828,    0.947,    2.481
[2025-12-04 00:34:13,694][    INFO] ==================================================================================================
[2025-12-04 00:34:14,142][    INFO] ===========> Epoch: 54/120, d1: 0.973, d2: 0.977, d3: 0.978
[2025-12-04 00:34:14,142][    INFO] ===========> Epoch: 54/120, abs_rel: 0.191, sq_rel: 0.206, rmse: 0.446, rmse_log: 0.127, log10: 0.040, silog: 0.115

[2025-12-04 00:34:15,281][    INFO] Iter: 0/35, LR: 0.0000029, Loss: 0.080
[2025-12-04 00:34:41,535][    INFO] Validate
[2025-12-04 00:34:43,645][    INFO] ==================================================================================================
[2025-12-04 00:34:43,645][    INFO]       d1,       d2,       d3,  abs_rel,   sq_rel,     rmse, rmse_log,    log10,    silog
[2025-12-04 00:34:43,646][    INFO]   19.416,   19.536,   19.549,    3.935,    5.517,    8.906,    2.496,    0.783,    2.252
[2025-12-04 00:34:43,646][    INFO] ==================================================================================================
[2025-12-04 00:34:44,077][    INFO] ===========> Epoch: 55/120, d1: 0.973, d2: 0.977, d3: 0.978
[2025-12-04 00:34:44,077][    INFO] ===========> Epoch: 55/120, abs_rel: 0.191, sq_rel: 0.206, rmse: 0.445, rmse_log: 0.125, log10: 0.039, silog: 0.113

[2025-12-04 00:34:45,158][    INFO] Iter: 0/35, LR: 0.0000029, Loss: 0.056
[2025-12-04 00:35:11,674][    INFO] Validate
[2025-12-04 00:35:13,771][    INFO] ==================================================================================================
[2025-12-04 00:35:13,771][    INFO]       d1,       d2,       d3,  abs_rel,   sq_rel,     rmse, rmse_log,    log10,    silog
[2025-12-04 00:35:13,772][    INFO]   19.452,   19.536,   19.548,    4.090,    6.114,    9.022,    2.480,    0.777,    2.253
[2025-12-04 00:35:13,772][    INFO] ==================================================================================================
[2025-12-04 00:35:14,183][    INFO] ===========> Epoch: 56/120, d1: 0.973, d2: 0.977, d3: 0.978
[2025-12-04 00:35:14,184][    INFO] ===========> Epoch: 56/120, abs_rel: 0.191, sq_rel: 0.206, rmse: 0.445, rmse_log: 0.124, log10: 0.039, silog: 0.113

[2025-12-04 00:35:15,339][    INFO] Iter: 0/35, LR: 0.0000028, Loss: 0.051
[2025-12-04 00:35:42,118][    INFO] Validate
[2025-12-04 00:35:44,222][    INFO] ==================================================================================================
[2025-12-04 00:35:44,222][    INFO]       d1,       d2,       d3,  abs_rel,   sq_rel,     rmse, rmse_log,    log10,    silog
[2025-12-04 00:35:44,222][    INFO]   19.154,   19.538,   19.550,    4.451,    6.379,    9.618,    2.865,    0.953,    2.533
[2025-12-04 00:35:44,222][    INFO] ==================================================================================================
[2025-12-04 00:35:44,662][    INFO] ===========> Epoch: 57/120, d1: 0.973, d2: 0.977, d3: 0.978
[2025-12-04 00:35:44,662][    INFO] ===========> Epoch: 57/120, abs_rel: 0.191, sq_rel: 0.206, rmse: 0.445, rmse_log: 0.124, log10: 0.039, silog: 0.113

[2025-12-04 00:35:45,777][    INFO] Iter: 0/35, LR: 0.0000028, Loss: 0.083
[2025-12-04 00:36:12,702][    INFO] Validate
[2025-12-04 00:36:14,857][    INFO] ==================================================================================================
[2025-12-04 00:36:14,858][    INFO]       d1,       d2,       d3,  abs_rel,   sq_rel,     rmse, rmse_log,    log10,    silog
[2025-12-04 00:36:14,859][    INFO]   19.453,   19.535,   19.547,    4.128,    6.081,    9.283,    2.537,    0.795,    2.277
[2025-12-04 00:36:14,859][    INFO] ==================================================================================================
[2025-12-04 00:36:15,287][    INFO] ===========> Epoch: 58/120, d1: 0.973, d2: 0.977, d3: 0.978
[2025-12-04 00:36:15,287][    INFO] ===========> Epoch: 58/120, abs_rel: 0.191, sq_rel: 0.206, rmse: 0.445, rmse_log: 0.124, log10: 0.039, silog: 0.113

[2025-12-04 00:36:16,401][    INFO] Iter: 0/35, LR: 0.0000028, Loss: 0.054
[2025-12-04 00:36:43,384][    INFO] Validate
[2025-12-04 00:36:45,489][    INFO] ==================================================================================================
[2025-12-04 00:36:45,490][    INFO]       d1,       d2,       d3,  abs_rel,   sq_rel,     rmse, rmse_log,    log10,    silog
[2025-12-04 00:36:45,490][    INFO]   19.188,   19.538,   19.551,    3.856,    4.930,    8.903,    2.593,    0.827,    2.363
[2025-12-04 00:36:45,490][    INFO] ==================================================================================================
[2025-12-04 00:36:45,969][    INFO] ===========> Epoch: 59/120, d1: 0.973, d2: 0.977, d3: 0.978
[2025-12-04 00:36:45,969][    INFO] ===========> Epoch: 59/120, abs_rel: 0.191, sq_rel: 0.206, rmse: 0.445, rmse_log: 0.124, log10: 0.039, silog: 0.113

[2025-12-04 00:36:47,120][    INFO] Iter: 0/35, LR: 0.0000027, Loss: 0.049
[2025-12-04 00:37:14,184][    INFO] Validate
[2025-12-04 00:37:16,299][    INFO] ==================================================================================================
[2025-12-04 00:37:16,299][    INFO]       d1,       d2,       d3,  abs_rel,   sq_rel,     rmse, rmse_log,    log10,    silog
[2025-12-04 00:37:16,299][    INFO]   19.459,   19.534,   19.546,    4.203,    6.078,    9.537,    2.600,    0.824,    2.293
[2025-12-04 00:37:16,300][    INFO] ==================================================================================================
[2025-12-04 00:37:16,786][    INFO] ===========> Epoch: 60/120, d1: 0.973, d2: 0.977, d3: 0.978
[2025-12-04 00:37:16,787][    INFO] ===========> Epoch: 60/120, abs_rel: 0.191, sq_rel: 0.206, rmse: 0.445, rmse_log: 0.124, log10: 0.039, silog: 0.113

[2025-12-04 00:37:17,960][    INFO] Iter: 0/35, LR: 0.0000027, Loss: 0.059
[2025-12-04 00:37:45,158][    INFO] Validate
[2025-12-04 00:37:47,308][    INFO] ==================================================================================================
[2025-12-04 00:37:47,308][    INFO]       d1,       d2,       d3,  abs_rel,   sq_rel,     rmse, rmse_log,    log10,    silog
[2025-12-04 00:37:47,309][    INFO]   18.860,   19.530,   19.542,    5.993,   10.389,   13.554,    3.478,    1.219,    2.872
[2025-12-04 00:37:47,309][    INFO] ==================================================================================================
[2025-12-04 00:37:47,744][    INFO] ===========> Epoch: 61/120, d1: 0.973, d2: 0.977, d3: 0.978
[2025-12-04 00:37:47,744][    INFO] ===========> Epoch: 61/120, abs_rel: 0.191, sq_rel: 0.206, rmse: 0.445, rmse_log: 0.124, log10: 0.039, silog: 0.113

[2025-12-04 00:37:48,916][    INFO] Iter: 0/35, LR: 0.0000026, Loss: 0.099
[2025-12-04 00:38:16,297][    INFO] Validate
[2025-12-04 00:38:18,429][    INFO] ==================================================================================================
[2025-12-04 00:38:18,429][    INFO]       d1,       d2,       d3,  abs_rel,   sq_rel,     rmse, rmse_log,    log10,    silog
[2025-12-04 00:38:18,430][    INFO]   19.194,   19.531,   19.542,    5.459,    8.877,   13.290,    3.251,    1.126,    2.708
[2025-12-04 00:38:18,430][    INFO] ==================================================================================================
[2025-12-04 00:38:18,871][    INFO] ===========> Epoch: 62/120, d1: 0.973, d2: 0.977, d3: 0.978
[2025-12-04 00:38:18,872][    INFO] ===========> Epoch: 62/120, abs_rel: 0.191, sq_rel: 0.206, rmse: 0.445, rmse_log: 0.124, log10: 0.039, silog: 0.113

[2025-12-04 00:38:20,020][    INFO] Iter: 0/35, LR: 0.0000026, Loss: 0.082
[2025-12-04 00:38:47,476][    INFO] Validate
[2025-12-04 00:38:49,623][    INFO] ==================================================================================================
[2025-12-04 00:38:49,623][    INFO]       d1,       d2,       d3,  abs_rel,   sq_rel,     rmse, rmse_log,    log10,    silog
[2025-12-04 00:38:49,623][    INFO]   18.688,   19.442,   19.542,    5.471,    8.528,   12.164,    3.425,    1.155,    2.886
[2025-12-04 00:38:49,624][    INFO] ==================================================================================================
[2025-12-04 00:38:50,101][    INFO] ===========> Epoch: 63/120, d1: 0.973, d2: 0.977, d3: 0.978
[2025-12-04 00:38:50,101][    INFO] ===========> Epoch: 63/120, abs_rel: 0.191, sq_rel: 0.206, rmse: 0.445, rmse_log: 0.124, log10: 0.039, silog: 0.113

[2025-12-04 00:38:51,296][    INFO] Iter: 0/35, LR: 0.0000026, Loss: 0.083
[2025-12-04 00:39:18,782][    INFO] Validate
[2025-12-04 00:39:20,984][    INFO] ==================================================================================================
[2025-12-04 00:39:20,985][    INFO]       d1,       d2,       d3,  abs_rel,   sq_rel,     rmse, rmse_log,    log10,    silog
[2025-12-04 00:39:20,985][    INFO]   19.330,   19.532,   19.542,    5.102,    7.869,   12.176,    3.112,    1.069,    2.606
[2025-12-04 00:39:20,985][    INFO] ==================================================================================================
[2025-12-04 00:39:21,413][    INFO] ===========> Epoch: 64/120, d1: 0.973, d2: 0.977, d3: 0.978
[2025-12-04 00:39:21,414][    INFO] ===========> Epoch: 64/120, abs_rel: 0.191, sq_rel: 0.206, rmse: 0.445, rmse_log: 0.124, log10: 0.039, silog: 0.113

[2025-12-04 00:39:22,595][    INFO] Iter: 0/35, LR: 0.0000025, Loss: 0.081
[2025-12-04 00:39:50,019][    INFO] Validate
[2025-12-04 00:39:52,166][    INFO] ==================================================================================================
[2025-12-04 00:39:52,167][    INFO]       d1,       d2,       d3,  abs_rel,   sq_rel,     rmse, rmse_log,    log10,    silog
[2025-12-04 00:39:52,167][    INFO]   19.407,   19.533,   19.545,    4.772,    7.266,   11.350,    2.908,    0.969,    2.479
[2025-12-04 00:39:52,167][    INFO] ==================================================================================================
[2025-12-04 00:39:52,671][    INFO] ===========> Epoch: 65/120, d1: 0.973, d2: 0.977, d3: 0.978
[2025-12-04 00:39:52,671][    INFO] ===========> Epoch: 65/120, abs_rel: 0.191, sq_rel: 0.206, rmse: 0.445, rmse_log: 0.124, log10: 0.039, silog: 0.113

[2025-12-04 00:39:53,886][    INFO] Iter: 0/35, LR: 0.0000025, Loss: 0.062
[2025-12-04 00:40:21,432][    INFO] Validate
[2025-12-04 00:40:23,597][    INFO] ==================================================================================================
[2025-12-04 00:40:23,597][    INFO]       d1,       d2,       d3,  abs_rel,   sq_rel,     rmse, rmse_log,    log10,    silog
[2025-12-04 00:40:23,597][    INFO]   19.085,   19.530,   19.542,    5.706,   10.086,   11.549,    3.252,    1.096,    2.746
[2025-12-04 00:40:23,597][    INFO] ==================================================================================================
[2025-12-04 00:40:24,103][    INFO] ===========> Epoch: 66/120, d1: 0.973, d2: 0.977, d3: 0.978
[2025-12-04 00:40:24,104][    INFO] ===========> Epoch: 66/120, abs_rel: 0.191, sq_rel: 0.206, rmse: 0.445, rmse_log: 0.124, log10: 0.039, silog: 0.113

[2025-12-04 00:40:25,284][    INFO] Iter: 0/35, LR: 0.0000024, Loss: 0.096
[2025-12-04 00:40:52,774][    INFO] Validate
[2025-12-04 00:40:54,904][    INFO] ==================================================================================================
[2025-12-04 00:40:54,904][    INFO]       d1,       d2,       d3,  abs_rel,   sq_rel,     rmse, rmse_log,    log10,    silog
[2025-12-04 00:40:54,904][    INFO]   19.167,   19.531,   19.542,    5.364,    9.379,   11.360,    3.075,    1.019,    2.638
[2025-12-04 00:40:54,904][    INFO] ==================================================================================================
[2025-12-04 00:40:55,405][    INFO] ===========> Epoch: 67/120, d1: 0.973, d2: 0.977, d3: 0.978
[2025-12-04 00:40:55,406][    INFO] ===========> Epoch: 67/120, abs_rel: 0.191, sq_rel: 0.206, rmse: 0.445, rmse_log: 0.124, log10: 0.039, silog: 0.113

[2025-12-04 00:40:56,593][    INFO] Iter: 0/35, LR: 0.0000024, Loss: 0.064
[2025-12-04 00:41:24,100][    INFO] Validate
[2025-12-04 00:41:26,274][    INFO] ==================================================================================================
[2025-12-04 00:41:26,275][    INFO]       d1,       d2,       d3,  abs_rel,   sq_rel,     rmse, rmse_log,    log10,    silog
[2025-12-04 00:41:26,275][    INFO]   19.283,   19.532,   19.543,    4.975,    7.763,   12.036,    3.001,    1.015,    2.542
[2025-12-04 00:41:26,275][    INFO] ==================================================================================================
[2025-12-04 00:41:26,799][    INFO] ===========> Epoch: 68/120, d1: 0.973, d2: 0.977, d3: 0.978
[2025-12-04 00:41:26,799][    INFO] ===========> Epoch: 68/120, abs_rel: 0.191, sq_rel: 0.206, rmse: 0.445, rmse_log: 0.124, log10: 0.039, silog: 0.113

[2025-12-04 00:41:27,993][    INFO] Iter: 0/35, LR: 0.0000024, Loss: 0.069
[2025-12-04 00:41:55,575][    INFO] Validate
[2025-12-04 00:41:57,772][    INFO] ==================================================================================================
[2025-12-04 00:41:57,772][    INFO]       d1,       d2,       d3,  abs_rel,   sq_rel,     rmse, rmse_log,    log10,    silog
[2025-12-04 00:41:57,772][    INFO]   19.356,   19.532,   19.543,    4.807,    7.087,   12.313,    2.989,    1.020,    2.525
[2025-12-04 00:41:57,772][    INFO] ==================================================================================================
[2025-12-04 00:41:58,280][    INFO] ===========> Epoch: 69/120, d1: 0.973, d2: 0.977, d3: 0.978
[2025-12-04 00:41:58,280][    INFO] ===========> Epoch: 69/120, abs_rel: 0.191, sq_rel: 0.206, rmse: 0.445, rmse_log: 0.124, log10: 0.039, silog: 0.113

[2025-12-04 00:41:59,487][    INFO] Iter: 0/35, LR: 0.0000023, Loss: 0.066
[2025-12-04 00:42:26,961][    INFO] Validate
[2025-12-04 00:42:29,139][    INFO] ==================================================================================================
[2025-12-04 00:42:29,139][    INFO]       d1,       d2,       d3,  abs_rel,   sq_rel,     rmse, rmse_log,    log10,    silog
[2025-12-04 00:42:29,140][    INFO]   19.220,   19.532,   19.543,    4.904,    7.498,   11.093,    2.940,    0.985,    2.508
[2025-12-04 00:42:29,140][    INFO] ==================================================================================================
[2025-12-04 00:42:29,650][    INFO] ===========> Epoch: 70/120, d1: 0.973, d2: 0.977, d3: 0.978
[2025-12-04 00:42:29,650][    INFO] ===========> Epoch: 70/120, abs_rel: 0.191, sq_rel: 0.206, rmse: 0.445, rmse_log: 0.124, log10: 0.039, silog: 0.113

[2025-12-04 00:42:30,836][    INFO] Iter: 0/35, LR: 0.0000023, Loss: 0.069
[2025-12-04 00:42:58,512][    INFO] Validate
[2025-12-04 00:43:00,707][    INFO] ==================================================================================================
[2025-12-04 00:43:00,707][    INFO]       d1,       d2,       d3,  abs_rel,   sq_rel,     rmse, rmse_log,    log10,    silog
[2025-12-04 00:43:00,707][    INFO]   19.454,   19.533,   19.544,    4.266,    6.146,   11.114,    2.656,    0.866,    2.329
[2025-12-04 00:43:00,707][    INFO] ==================================================================================================
[2025-12-04 00:43:01,147][    INFO] ===========> Epoch: 71/120, d1: 0.973, d2: 0.977, d3: 0.978
[2025-12-04 00:43:01,147][    INFO] ===========> Epoch: 71/120, abs_rel: 0.191, sq_rel: 0.206, rmse: 0.445, rmse_log: 0.124, log10: 0.039, silog: 0.113

[2025-12-04 00:43:02,363][    INFO] Iter: 0/35, LR: 0.0000022, Loss: 0.058
[2025-12-04 00:43:30,100][    INFO] Validate
[2025-12-04 00:43:32,247][    INFO] ==================================================================================================
[2025-12-04 00:43:32,248][    INFO]       d1,       d2,       d3,  abs_rel,   sq_rel,     rmse, rmse_log,    log10,    silog
[2025-12-04 00:43:32,248][    INFO]   19.381,   19.533,   19.544,    4.919,    7.931,   10.931,    2.893,    0.947,    2.485
[2025-12-04 00:43:32,248][    INFO] ==================================================================================================
[2025-12-04 00:43:32,928][    INFO] ===========> Epoch: 72/120, d1: 0.973, d2: 0.977, d3: 0.978
[2025-12-04 00:43:32,928][    INFO] ===========> Epoch: 72/120, abs_rel: 0.191, sq_rel: 0.206, rmse: 0.445, rmse_log: 0.124, log10: 0.039, silog: 0.113

[2025-12-04 00:43:34,079][    INFO] Iter: 0/35, LR: 0.0000022, Loss: 0.050
[2025-12-04 00:44:02,004][    INFO] Validate
[2025-12-04 00:44:04,253][    INFO] ==================================================================================================
[2025-12-04 00:44:04,253][    INFO]       d1,       d2,       d3,  abs_rel,   sq_rel,     rmse, rmse_log,    log10,    silog
[2025-12-04 00:44:04,253][    INFO]   19.398,   19.534,   19.545,    4.633,    7.219,   10.245,    2.769,    0.896,    2.435
[2025-12-04 00:44:04,253][    INFO] ==================================================================================================
[2025-12-04 00:44:04,777][    INFO] ===========> Epoch: 73/120, d1: 0.973, d2: 0.977, d3: 0.978
[2025-12-04 00:44:04,777][    INFO] ===========> Epoch: 73/120, abs_rel: 0.191, sq_rel: 0.206, rmse: 0.445, rmse_log: 0.124, log10: 0.039, silog: 0.113

[2025-12-04 00:44:06,010][    INFO] Iter: 0/35, LR: 0.0000022, Loss: 0.055
[2025-12-04 00:44:34,013][    INFO] Validate
[2025-12-04 00:44:36,202][    INFO] ==================================================================================================
[2025-12-04 00:44:36,202][    INFO]       d1,       d2,       d3,  abs_rel,   sq_rel,     rmse, rmse_log,    log10,    silog
[2025-12-04 00:44:36,202][    INFO]   19.457,   19.535,   19.546,    4.364,    6.909,    9.161,    2.557,    0.799,    2.280
[2025-12-04 00:44:36,202][    INFO] ==================================================================================================
[2025-12-04 00:44:36,655][    INFO] ===========> Epoch: 74/120, d1: 0.973, d2: 0.977, d3: 0.978
[2025-12-04 00:44:36,655][    INFO] ===========> Epoch: 74/120, abs_rel: 0.191, sq_rel: 0.206, rmse: 0.445, rmse_log: 0.124, log10: 0.039, silog: 0.113

[2025-12-04 00:44:37,857][    INFO] Iter: 0/35, LR: 0.0000021, Loss: 0.044
[2025-12-04 00:45:05,753][    INFO] Validate
[2025-12-04 00:45:07,935][    INFO] ==================================================================================================
[2025-12-04 00:45:07,936][    INFO]       d1,       d2,       d3,  abs_rel,   sq_rel,     rmse, rmse_log,    log10,    silog
[2025-12-04 00:45:07,936][    INFO]   19.277,   19.534,   19.545,    4.301,    6.519,   10.095,    2.661,    0.845,    2.374
[2025-12-04 00:45:07,936][    INFO] ==================================================================================================
[2025-12-04 00:45:08,380][    INFO] ===========> Epoch: 75/120, d1: 0.973, d2: 0.977, d3: 0.978
[2025-12-04 00:45:08,381][    INFO] ===========> Epoch: 75/120, abs_rel: 0.191, sq_rel: 0.206, rmse: 0.445, rmse_log: 0.124, log10: 0.039, silog: 0.113

[2025-12-04 00:45:09,579][    INFO] Iter: 0/35, LR: 0.0000021, Loss: 0.042
[2025-12-04 00:45:37,483][    INFO] Validate
[2025-12-04 00:45:39,652][    INFO] ==================================================================================================
[2025-12-04 00:45:39,652][    INFO]       d1,       d2,       d3,  abs_rel,   sq_rel,     rmse, rmse_log,    log10,    silog
[2025-12-04 00:45:39,652][    INFO]   19.360,   19.535,   19.546,    4.127,    6.112,    8.916,    2.540,    0.793,    2.305
[2025-12-04 00:45:39,652][    INFO] ==================================================================================================
[2025-12-04 00:45:40,096][    INFO] ===========> Epoch: 76/120, d1: 0.973, d2: 0.977, d3: 0.978
[2025-12-04 00:45:40,096][    INFO] ===========> Epoch: 76/120, abs_rel: 0.191, sq_rel: 0.206, rmse: 0.445, rmse_log: 0.124, log10: 0.039, silog: 0.113

[2025-12-04 00:45:41,333][    INFO] Iter: 0/35, LR: 0.0000020, Loss: 0.044
[2025-12-04 00:46:09,285][    INFO] Validate
[2025-12-04 00:46:11,471][    INFO] ==================================================================================================
[2025-12-04 00:46:11,471][    INFO]       d1,       d2,       d3,  abs_rel,   sq_rel,     rmse, rmse_log,    log10,    silog
[2025-12-04 00:46:11,471][    INFO]   19.487,   19.535,   19.546,    4.078,    6.268,    8.324,    2.396,    0.739,    2.152
[2025-12-04 00:46:11,471][    INFO] ==================================================================================================
[2025-12-04 00:46:11,964][    INFO] ===========> Epoch: 77/120, d1: 0.974, d2: 0.977, d3: 0.978
[2025-12-04 00:46:11,964][    INFO] ===========> Epoch: 77/120, abs_rel: 0.191, sq_rel: 0.206, rmse: 0.416, rmse_log: 0.120, log10: 0.037, silog: 0.108

[2025-12-04 00:46:13,200][    INFO] Iter: 0/35, LR: 0.0000020, Loss: 0.041
[2025-12-04 00:46:41,168][    INFO] Validate
[2025-12-04 00:46:43,368][    INFO] ==================================================================================================
[2025-12-04 00:46:43,368][    INFO]       d1,       d2,       d3,  abs_rel,   sq_rel,     rmse, rmse_log,    log10,    silog
[2025-12-04 00:46:43,368][    INFO]   19.226,   19.536,   19.547,    4.015,    5.941,    8.321,    2.513,    0.768,    2.291
[2025-12-04 00:46:43,368][    INFO] ==================================================================================================
[2025-12-04 00:46:43,878][    INFO] ===========> Epoch: 78/120, d1: 0.974, d2: 0.977, d3: 0.978
[2025-12-04 00:46:43,878][    INFO] ===========> Epoch: 78/120, abs_rel: 0.191, sq_rel: 0.206, rmse: 0.416, rmse_log: 0.120, log10: 0.037, silog: 0.108

[2025-12-04 00:46:45,104][    INFO] Iter: 0/35, LR: 0.0000019, Loss: 0.051
[2025-12-04 00:47:12,980][    INFO] Validate
[2025-12-04 00:47:15,167][    INFO] ==================================================================================================
[2025-12-04 00:47:15,167][    INFO]       d1,       d2,       d3,  abs_rel,   sq_rel,     rmse, rmse_log,    log10,    silog
[2025-12-04 00:47:15,167][    INFO]   19.374,   19.536,   19.548,    3.676,    4.757,    8.884,    2.437,    0.757,    2.210
[2025-12-04 00:47:15,167][    INFO] ==================================================================================================
[2025-12-04 00:47:15,667][    INFO] ===========> Epoch: 79/120, d1: 0.974, d2: 0.977, d3: 0.978
[2025-12-04 00:47:15,668][    INFO] ===========> Epoch: 79/120, abs_rel: 0.184, sq_rel: 0.206, rmse: 0.416, rmse_log: 0.120, log10: 0.037, silog: 0.108

[2025-12-04 00:47:16,878][    INFO] Iter: 0/35, LR: 0.0000019, Loss: 0.046
[2025-12-04 00:47:44,759][    INFO] Validate
[2025-12-04 00:47:46,957][    INFO] ==================================================================================================
[2025-12-04 00:47:46,957][    INFO]       d1,       d2,       d3,  abs_rel,   sq_rel,     rmse, rmse_log,    log10,    silog
[2025-12-04 00:47:46,958][    INFO]   19.464,   19.535,   19.546,    4.244,    6.780,    8.507,    2.454,    0.761,    2.202
[2025-12-04 00:47:46,958][    INFO] ==================================================================================================
[2025-12-04 00:47:47,497][    INFO] ===========> Epoch: 80/120, d1: 0.974, d2: 0.977, d3: 0.978
[2025-12-04 00:47:47,498][    INFO] ===========> Epoch: 80/120, abs_rel: 0.184, sq_rel: 0.206, rmse: 0.416, rmse_log: 0.120, log10: 0.037, silog: 0.108

[2025-12-04 00:47:48,665][    INFO] Iter: 0/35, LR: 0.0000019, Loss: 0.042
[2025-12-04 00:48:16,598][    INFO] Validate
[2025-12-04 00:48:18,809][    INFO] ==================================================================================================
[2025-12-04 00:48:18,809][    INFO]       d1,       d2,       d3,  abs_rel,   sq_rel,     rmse, rmse_log,    log10,    silog
[2025-12-04 00:48:18,810][    INFO]   19.437,   19.536,   19.547,    3.975,    5.811,    8.381,    2.451,    0.759,    2.227
[2025-12-04 00:48:18,810][    INFO] ==================================================================================================
[2025-12-04 00:48:19,332][    INFO] ===========> Epoch: 81/120, d1: 0.974, d2: 0.977, d3: 0.978
[2025-12-04 00:48:19,332][    INFO] ===========> Epoch: 81/120, abs_rel: 0.184, sq_rel: 0.206, rmse: 0.416, rmse_log: 0.120, log10: 0.037, silog: 0.108

[2025-12-04 00:48:20,556][    INFO] Iter: 0/35, LR: 0.0000018, Loss: 0.049
[2025-12-04 00:48:48,470][    INFO] Validate
[2025-12-04 00:48:50,641][    INFO] ==================================================================================================
[2025-12-04 00:48:50,641][    INFO]       d1,       d2,       d3,  abs_rel,   sq_rel,     rmse, rmse_log,    log10,    silog
[2025-12-04 00:48:50,641][    INFO]   19.457,   19.537,   19.548,    3.793,    5.362,    7.409,    2.354,    0.718,    2.148
[2025-12-04 00:48:50,641][    INFO] ==================================================================================================
[2025-12-04 00:48:51,114][    INFO] ===========> Epoch: 82/120, d1: 0.974, d2: 0.977, d3: 0.978
[2025-12-04 00:48:51,114][    INFO] ===========> Epoch: 82/120, abs_rel: 0.184, sq_rel: 0.206, rmse: 0.370, rmse_log: 0.118, log10: 0.036, silog: 0.107

[2025-12-04 00:48:52,322][    INFO] Iter: 0/35, LR: 0.0000018, Loss: 0.050
[2025-12-04 00:49:20,157][    INFO] Validate
[2025-12-04 00:49:22,344][    INFO] ==================================================================================================
[2025-12-04 00:49:22,344][    INFO]       d1,       d2,       d3,  abs_rel,   sq_rel,     rmse, rmse_log,    log10,    silog
[2025-12-04 00:49:22,344][    INFO]   19.400,   19.536,   19.546,    4.124,    6.417,    8.395,    2.444,    0.751,    2.222
[2025-12-04 00:49:22,344][    INFO] ==================================================================================================
[2025-12-04 00:49:22,868][    INFO] ===========> Epoch: 83/120, d1: 0.974, d2: 0.977, d3: 0.978
[2025-12-04 00:49:22,868][    INFO] ===========> Epoch: 83/120, abs_rel: 0.184, sq_rel: 0.206, rmse: 0.370, rmse_log: 0.118, log10: 0.036, silog: 0.107

[2025-12-04 00:49:24,125][    INFO] Iter: 0/35, LR: 0.0000017, Loss: 0.050
[2025-12-04 00:49:52,133][    INFO] Validate
[2025-12-04 00:49:54,363][    INFO] ==================================================================================================
[2025-12-04 00:49:54,363][    INFO]       d1,       d2,       d3,  abs_rel,   sq_rel,     rmse, rmse_log,    log10,    silog
[2025-12-04 00:49:54,363][    INFO]   19.146,   19.536,   19.547,    4.281,    6.847,    8.506,    2.591,    0.790,    2.370
[2025-12-04 00:49:54,363][    INFO] ==================================================================================================
[2025-12-04 00:49:54,901][    INFO] ===========> Epoch: 84/120, d1: 0.974, d2: 0.977, d3: 0.978
[2025-12-04 00:49:54,901][    INFO] ===========> Epoch: 84/120, abs_rel: 0.184, sq_rel: 0.206, rmse: 0.370, rmse_log: 0.118, log10: 0.036, silog: 0.107

[2025-12-04 00:49:56,118][    INFO] Iter: 0/35, LR: 0.0000017, Loss: 0.050
[2025-12-04 00:50:24,022][    INFO] Validate
[2025-12-04 00:50:26,220][    INFO] ==================================================================================================
[2025-12-04 00:50:26,220][    INFO]       d1,       d2,       d3,  abs_rel,   sq_rel,     rmse, rmse_log,    log10,    silog
[2025-12-04 00:50:26,220][    INFO]   19.181,   19.536,   19.547,    3.822,    5.392,    8.080,    2.437,    0.744,    2.218
[2025-12-04 00:50:26,220][    INFO] ==================================================================================================
[2025-12-04 00:50:26,683][    INFO] ===========> Epoch: 85/120, d1: 0.974, d2: 0.977, d3: 0.978
[2025-12-04 00:50:26,683][    INFO] ===========> Epoch: 85/120, abs_rel: 0.184, sq_rel: 0.206, rmse: 0.370, rmse_log: 0.118, log10: 0.036, silog: 0.107

[2025-12-04 00:50:27,899][    INFO] Iter: 0/35, LR: 0.0000016, Loss: 0.047
[2025-12-04 00:50:55,732][    INFO] Validate
[2025-12-04 00:50:57,904][    INFO] ==================================================================================================
[2025-12-04 00:50:57,904][    INFO]       d1,       d2,       d3,  abs_rel,   sq_rel,     rmse, rmse_log,    log10,    silog
[2025-12-04 00:50:57,905][    INFO]   19.448,   19.536,   19.547,    4.059,    6.226,    7.789,    2.409,    0.741,    2.197
[2025-12-04 00:50:57,905][    INFO] ==================================================================================================
[2025-12-04 00:50:58,425][    INFO] ===========> Epoch: 86/120, d1: 0.974, d2: 0.977, d3: 0.978
[2025-12-04 00:50:58,425][    INFO] ===========> Epoch: 86/120, abs_rel: 0.184, sq_rel: 0.206, rmse: 0.370, rmse_log: 0.118, log10: 0.036, silog: 0.107

[2025-12-04 00:50:59,657][    INFO] Iter: 0/35, LR: 0.0000016, Loss: 0.045
[2025-12-04 00:51:27,628][    INFO] Validate
[2025-12-04 00:51:29,859][    INFO] ==================================================================================================
[2025-12-04 00:51:29,860][    INFO]       d1,       d2,       d3,  abs_rel,   sq_rel,     rmse, rmse_log,    log10,    silog
[2025-12-04 00:51:29,860][    INFO]   19.437,   19.535,   19.546,    4.272,    6.928,    8.562,    2.499,    0.771,    2.273
[2025-12-04 00:51:29,860][    INFO] ==================================================================================================
[2025-12-04 00:51:30,341][    INFO] ===========> Epoch: 87/120, d1: 0.974, d2: 0.977, d3: 0.978
[2025-12-04 00:51:30,341][    INFO] ===========> Epoch: 87/120, abs_rel: 0.184, sq_rel: 0.206, rmse: 0.370, rmse_log: 0.118, log10: 0.036, silog: 0.107

[2025-12-04 00:51:31,531][    INFO] Iter: 0/35, LR: 0.0000016, Loss: 0.043
[2025-12-04 00:51:59,378][    INFO] Validate
[2025-12-04 00:52:01,593][    INFO] ==================================================================================================
[2025-12-04 00:52:01,594][    INFO]       d1,       d2,       d3,  abs_rel,   sq_rel,     rmse, rmse_log,    log10,    silog
[2025-12-04 00:52:01,594][    INFO]   19.440,   19.536,   19.547,    4.056,    6.235,    8.250,    2.440,    0.753,    2.222
[2025-12-04 00:52:01,594][    INFO] ==================================================================================================
[2025-12-04 00:52:02,127][    INFO] ===========> Epoch: 88/120, d1: 0.974, d2: 0.977, d3: 0.978
[2025-12-04 00:52:02,127][    INFO] ===========> Epoch: 88/120, abs_rel: 0.184, sq_rel: 0.206, rmse: 0.370, rmse_log: 0.118, log10: 0.036, silog: 0.107

[2025-12-04 00:52:03,319][    INFO] Iter: 0/35, LR: 0.0000015, Loss: 0.044
[2025-12-04 00:52:31,246][    INFO] Validate
[2025-12-04 00:52:33,471][    INFO] ==================================================================================================
[2025-12-04 00:52:33,471][    INFO]       d1,       d2,       d3,  abs_rel,   sq_rel,     rmse, rmse_log,    log10,    silog
[2025-12-04 00:52:33,471][    INFO]   19.374,   19.535,   19.547,    4.171,    6.498,    8.987,    2.518,    0.787,    2.289
[2025-12-04 00:52:33,471][    INFO] ==================================================================================================
[2025-12-04 00:52:34,030][    INFO] ===========> Epoch: 89/120, d1: 0.974, d2: 0.977, d3: 0.978
[2025-12-04 00:52:34,030][    INFO] ===========> Epoch: 89/120, abs_rel: 0.184, sq_rel: 0.206, rmse: 0.370, rmse_log: 0.118, log10: 0.036, silog: 0.107

[2025-12-04 00:52:35,235][    INFO] Iter: 0/35, LR: 0.0000015, Loss: 0.042
[2025-12-04 00:53:03,211][    INFO] Validate
[2025-12-04 00:53:05,421][    INFO] ==================================================================================================
[2025-12-04 00:53:05,421][    INFO]       d1,       d2,       d3,  abs_rel,   sq_rel,     rmse, rmse_log,    log10,    silog
[2025-12-04 00:53:05,422][    INFO]   19.420,   19.532,   19.543,    4.779,    8.084,    9.419,    2.689,    0.878,    2.343
[2025-12-04 00:53:05,422][    INFO] ==================================================================================================
[2025-12-04 00:53:05,955][    INFO] ===========> Epoch: 90/120, d1: 0.974, d2: 0.977, d3: 0.978
[2025-12-04 00:53:05,956][    INFO] ===========> Epoch: 90/120, abs_rel: 0.184, sq_rel: 0.206, rmse: 0.370, rmse_log: 0.118, log10: 0.036, silog: 0.107

[2025-12-04 00:53:07,172][    INFO] Iter: 0/35, LR: 0.0000014, Loss: 0.059
[2025-12-04 00:53:35,185][    INFO] Validate
[2025-12-04 00:53:37,372][    INFO] ==================================================================================================
[2025-12-04 00:53:37,372][    INFO]       d1,       d2,       d3,  abs_rel,   sq_rel,     rmse, rmse_log,    log10,    silog
[2025-12-04 00:53:37,372][    INFO]   19.451,   19.532,   19.542,    5.172,    9.672,    9.696,    2.756,    0.906,    2.380
[2025-12-04 00:53:37,372][    INFO] ==================================================================================================
[2025-12-04 00:53:37,897][    INFO] ===========> Epoch: 91/120, d1: 0.974, d2: 0.977, d3: 0.978
[2025-12-04 00:53:37,897][    INFO] ===========> Epoch: 91/120, abs_rel: 0.184, sq_rel: 0.206, rmse: 0.370, rmse_log: 0.118, log10: 0.036, silog: 0.107

[2025-12-04 00:53:39,114][    INFO] Iter: 0/35, LR: 0.0000014, Loss: 0.053
[2025-12-04 00:54:07,165][    INFO] Validate
[2025-12-04 00:54:09,398][    INFO] ==================================================================================================
[2025-12-04 00:54:09,398][    INFO]       d1,       d2,       d3,  abs_rel,   sq_rel,     rmse, rmse_log,    log10,    silog
[2025-12-04 00:54:09,399][    INFO]   19.454,   19.534,   19.545,    4.648,    7.081,   10.581,    2.770,    0.923,    2.364
[2025-12-04 00:54:09,399][    INFO] ==================================================================================================
[2025-12-04 00:54:09,882][    INFO] ===========> Epoch: 92/120, d1: 0.974, d2: 0.977, d3: 0.978
[2025-12-04 00:54:09,882][    INFO] ===========> Epoch: 92/120, abs_rel: 0.184, sq_rel: 0.206, rmse: 0.370, rmse_log: 0.118, log10: 0.036, silog: 0.107

[2025-12-04 00:54:11,062][    INFO] Iter: 0/35, LR: 0.0000013, Loss: 0.069
[2025-12-04 00:54:39,201][    INFO] Validate
[2025-12-04 00:54:41,428][    INFO] ==================================================================================================
[2025-12-04 00:54:41,428][    INFO]       d1,       d2,       d3,  abs_rel,   sq_rel,     rmse, rmse_log,    log10,    silog
[2025-12-04 00:54:41,429][    INFO]   19.466,   19.534,   19.545,    4.494,    7.247,   10.006,    2.602,    0.834,    2.300
[2025-12-04 00:54:41,429][    INFO] ==================================================================================================
[2025-12-04 00:54:41,928][    INFO] ===========> Epoch: 93/120, d1: 0.974, d2: 0.977, d3: 0.978
[2025-12-04 00:54:41,929][    INFO] ===========> Epoch: 93/120, abs_rel: 0.184, sq_rel: 0.206, rmse: 0.370, rmse_log: 0.118, log10: 0.036, silog: 0.107

[2025-12-04 00:54:43,170][    INFO] Iter: 0/35, LR: 0.0000013, Loss: 0.042
[2025-12-04 00:55:11,332][    INFO] Validate
[2025-12-04 00:55:13,541][    INFO] ==================================================================================================
[2025-12-04 00:55:13,541][    INFO]       d1,       d2,       d3,  abs_rel,   sq_rel,     rmse, rmse_log,    log10,    silog
[2025-12-04 00:55:13,541][    INFO]   19.444,   19.533,   19.543,    4.526,    7.232,    9.256,    2.617,    0.841,    2.291
[2025-12-04 00:55:13,541][    INFO] ==================================================================================================
[2025-12-04 00:55:14,078][    INFO] ===========> Epoch: 94/120, d1: 0.974, d2: 0.977, d3: 0.978
[2025-12-04 00:55:14,078][    INFO] ===========> Epoch: 94/120, abs_rel: 0.184, sq_rel: 0.206, rmse: 0.370, rmse_log: 0.118, log10: 0.036, silog: 0.107

[2025-12-04 00:55:15,287][    INFO] Iter: 0/35, LR: 0.0000013, Loss: 0.046
[2025-12-04 00:55:43,536][    INFO] Validate
[2025-12-04 00:55:45,754][    INFO] ==================================================================================================
[2025-12-04 00:55:45,754][    INFO]       d1,       d2,       d3,  abs_rel,   sq_rel,     rmse, rmse_log,    log10,    silog
[2025-12-04 00:55:45,754][    INFO]   19.458,   19.535,   19.546,    4.125,    6.335,    8.401,    2.441,    0.759,    2.200
[2025-12-04 00:55:45,754][    INFO] ==================================================================================================
[2025-12-04 00:55:46,285][    INFO] ===========> Epoch: 95/120, d1: 0.974, d2: 0.977, d3: 0.978
[2025-12-04 00:55:46,285][    INFO] ===========> Epoch: 95/120, abs_rel: 0.184, sq_rel: 0.206, rmse: 0.370, rmse_log: 0.118, log10: 0.036, silog: 0.107

[2025-12-04 00:55:47,474][    INFO] Iter: 0/35, LR: 0.0000012, Loss: 0.044
[2025-12-04 00:56:15,557][    INFO] Validate
[2025-12-04 00:56:17,771][    INFO] ==================================================================================================
[2025-12-04 00:56:17,771][    INFO]       d1,       d2,       d3,  abs_rel,   sq_rel,     rmse, rmse_log,    log10,    silog
[2025-12-04 00:56:17,771][    INFO]   19.451,   19.536,   19.547,    4.059,    6.155,    8.180,    2.424,    0.748,    2.203
[2025-12-04 00:56:17,771][    INFO] ==================================================================================================
[2025-12-04 00:56:18,325][    INFO] ===========> Epoch: 96/120, d1: 0.974, d2: 0.977, d3: 0.978
[2025-12-04 00:56:18,325][    INFO] ===========> Epoch: 96/120, abs_rel: 0.184, sq_rel: 0.206, rmse: 0.370, rmse_log: 0.118, log10: 0.036, silog: 0.107

[2025-12-04 00:56:19,555][    INFO] Iter: 0/35, LR: 0.0000012, Loss: 0.042
[2025-12-04 00:56:47,392][    INFO] Validate
[2025-12-04 00:56:49,522][    INFO] ==================================================================================================
[2025-12-04 00:56:49,522][    INFO]       d1,       d2,       d3,  abs_rel,   sq_rel,     rmse, rmse_log,    log10,    silog
[2025-12-04 00:56:49,522][    INFO]   19.468,   19.535,   19.546,    4.261,    6.836,    8.341,    2.441,    0.758,    2.206
[2025-12-04 00:56:49,522][    INFO] ==================================================================================================
[2025-12-04 00:56:49,936][    INFO] ===========> Epoch: 97/120, d1: 0.974, d2: 0.977, d3: 0.978
[2025-12-04 00:56:49,936][    INFO] ===========> Epoch: 97/120, abs_rel: 0.184, sq_rel: 0.206, rmse: 0.370, rmse_log: 0.118, log10: 0.036, silog: 0.107

[2025-12-04 00:56:51,103][    INFO] Iter: 0/35, LR: 0.0000011, Loss: 0.043
[2025-12-04 00:57:17,853][    INFO] Validate
[2025-12-04 00:57:19,985][    INFO] ==================================================================================================
[2025-12-04 00:57:19,985][    INFO]       d1,       d2,       d3,  abs_rel,   sq_rel,     rmse, rmse_log,    log10,    silog
[2025-12-04 00:57:19,985][    INFO]   19.454,   19.536,   19.547,    4.005,    5.989,    8.167,    2.393,    0.739,    2.178
[2025-12-04 00:57:19,985][    INFO] ==================================================================================================
[2025-12-04 00:57:20,461][    INFO] ===========> Epoch: 98/120, d1: 0.974, d2: 0.977, d3: 0.978
[2025-12-04 00:57:20,462][    INFO] ===========> Epoch: 98/120, abs_rel: 0.184, sq_rel: 0.206, rmse: 0.370, rmse_log: 0.118, log10: 0.036, silog: 0.107

[2025-12-04 00:57:21,569][    INFO] Iter: 0/35, LR: 0.0000011, Loss: 0.039
[2025-12-04 00:57:48,593][    INFO] Validate
[2025-12-04 00:57:50,732][    INFO] ==================================================================================================
[2025-12-04 00:57:50,732][    INFO]       d1,       d2,       d3,  abs_rel,   sq_rel,     rmse, rmse_log,    log10,    silog
[2025-12-04 00:57:50,732][    INFO]   19.477,   19.534,   19.545,    4.267,    6.939,    8.059,    2.414,    0.750,    2.158
[2025-12-04 00:57:50,732][    INFO] ==================================================================================================
[2025-12-04 00:57:51,242][    INFO] ===========> Epoch: 99/120, d1: 0.974, d2: 0.977, d3: 0.978
[2025-12-04 00:57:51,242][    INFO] ===========> Epoch: 99/120, abs_rel: 0.184, sq_rel: 0.206, rmse: 0.370, rmse_log: 0.118, log10: 0.036, silog: 0.107

[2025-12-04 00:57:52,451][    INFO] Iter: 0/35, LR: 0.0000010, Loss: 0.038
[2025-12-04 00:58:19,812][    INFO] Validate
[2025-12-04 00:58:21,961][    INFO] ==================================================================================================
[2025-12-04 00:58:21,961][    INFO]       d1,       d2,       d3,  abs_rel,   sq_rel,     rmse, rmse_log,    log10,    silog
[2025-12-04 00:58:21,961][    INFO]   19.469,   19.535,   19.546,    4.101,    6.508,    8.083,    2.369,    0.725,    2.149
[2025-12-04 00:58:21,961][    INFO] ==================================================================================================
[2025-12-04 00:58:22,435][    INFO] ===========> Epoch: 100/120, d1: 0.974, d2: 0.977, d3: 0.978
[2025-12-04 00:58:22,435][    INFO] ===========> Epoch: 100/120, abs_rel: 0.184, sq_rel: 0.206, rmse: 0.370, rmse_log: 0.118, log10: 0.036, silog: 0.107

[2025-12-04 00:58:23,600][    INFO] Iter: 0/35, LR: 0.0000010, Loss: 0.036
[2025-12-04 00:58:51,281][    INFO] Validate
[2025-12-04 00:58:53,454][    INFO] ==================================================================================================
[2025-12-04 00:58:53,454][    INFO]       d1,       d2,       d3,  abs_rel,   sq_rel,     rmse, rmse_log,    log10,    silog
[2025-12-04 00:58:53,454][    INFO]   19.452,   19.535,   19.546,    3.971,    5.943,    8.316,    2.390,    0.740,    2.164
[2025-12-04 00:58:53,454][    INFO] ==================================================================================================
[2025-12-04 00:58:53,983][    INFO] ===========> Epoch: 101/120, d1: 0.974, d2: 0.977, d3: 0.978
[2025-12-04 00:58:53,984][    INFO] ===========> Epoch: 101/120, abs_rel: 0.184, sq_rel: 0.206, rmse: 0.370, rmse_log: 0.118, log10: 0.036, silog: 0.107

[2025-12-04 00:58:55,206][    INFO] Iter: 0/35, LR: 0.0000010, Loss: 0.042
[2025-12-04 00:59:22,923][    INFO] Validate
[2025-12-04 00:59:25,121][    INFO] ==================================================================================================
[2025-12-04 00:59:25,121][    INFO]       d1,       d2,       d3,  abs_rel,   sq_rel,     rmse, rmse_log,    log10,    silog
[2025-12-04 00:59:25,122][    INFO]   19.472,   19.535,   19.546,    3.943,    5.869,    8.064,    2.341,    0.726,    2.099
[2025-12-04 00:59:25,122][    INFO] ==================================================================================================
[2025-12-04 00:59:25,631][    INFO] ===========> Epoch: 102/120, d1: 0.974, d2: 0.977, d3: 0.978
[2025-12-04 00:59:25,631][    INFO] ===========> Epoch: 102/120, abs_rel: 0.184, sq_rel: 0.206, rmse: 0.370, rmse_log: 0.117, log10: 0.036, silog: 0.105

[2025-12-04 00:59:26,854][    INFO] Iter: 0/35, LR: 0.0000009, Loss: 0.044
[2025-12-04 00:59:54,809][    INFO] Validate
[2025-12-04 00:59:57,011][    INFO] ==================================================================================================
[2025-12-04 00:59:57,011][    INFO]       d1,       d2,       d3,  abs_rel,   sq_rel,     rmse, rmse_log,    log10,    silog
[2025-12-04 00:59:57,012][    INFO]   19.453,   19.535,   19.547,    3.995,    5.981,    8.606,    2.415,    0.748,    2.179
[2025-12-04 00:59:57,012][    INFO] ==================================================================================================
[2025-12-04 00:59:57,565][    INFO] ===========> Epoch: 103/120, d1: 0.974, d2: 0.977, d3: 0.978
[2025-12-04 00:59:57,565][    INFO] ===========> Epoch: 103/120, abs_rel: 0.184, sq_rel: 0.206, rmse: 0.370, rmse_log: 0.117, log10: 0.036, silog: 0.105

[2025-12-04 00:59:58,858][    INFO] Iter: 0/35, LR: 0.0000009, Loss: 0.037
[2025-12-04 01:00:26,759][    INFO] Validate
[2025-12-04 01:00:28,996][    INFO] ==================================================================================================
[2025-12-04 01:00:28,996][    INFO]       d1,       d2,       d3,  abs_rel,   sq_rel,     rmse, rmse_log,    log10,    silog
[2025-12-04 01:00:28,996][    INFO]   19.486,   19.536,   19.547,    3.967,    5.812,    8.699,    2.386,    0.743,    2.137
[2025-12-04 01:00:28,996][    INFO] ==================================================================================================
[2025-12-04 01:00:29,531][    INFO] ===========> Epoch: 104/120, d1: 0.974, d2: 0.977, d3: 0.978
[2025-12-04 01:00:29,531][    INFO] ===========> Epoch: 104/120, abs_rel: 0.184, sq_rel: 0.206, rmse: 0.370, rmse_log: 0.117, log10: 0.036, silog: 0.105

[2025-12-04 01:00:30,718][    INFO] Iter: 0/35, LR: 0.0000008, Loss: 0.039
[2025-12-04 01:00:58,683][    INFO] Validate
[2025-12-04 01:01:00,910][    INFO] ==================================================================================================
[2025-12-04 01:01:00,910][    INFO]       d1,       d2,       d3,  abs_rel,   sq_rel,     rmse, rmse_log,    log10,    silog
[2025-12-04 01:01:00,911][    INFO]   19.463,   19.535,   19.547,    3.894,    5.680,    8.265,    2.353,    0.728,    2.122
[2025-12-04 01:01:00,911][    INFO] ==================================================================================================
[2025-12-04 01:01:01,456][    INFO] ===========> Epoch: 105/120, d1: 0.974, d2: 0.977, d3: 0.978
[2025-12-04 01:01:01,456][    INFO] ===========> Epoch: 105/120, abs_rel: 0.184, sq_rel: 0.206, rmse: 0.370, rmse_log: 0.117, log10: 0.036, silog: 0.105

[2025-12-04 01:01:02,668][    INFO] Iter: 0/35, LR: 0.0000008, Loss: 0.041
[2025-12-04 01:01:30,820][    INFO] Validate
[2025-12-04 01:01:33,050][    INFO] ==================================================================================================
[2025-12-04 01:01:33,050][    INFO]       d1,       d2,       d3,  abs_rel,   sq_rel,     rmse, rmse_log,    log10,    silog
[2025-12-04 01:01:33,051][    INFO]   19.490,   19.535,   19.547,    3.873,    5.660,    8.258,    2.319,    0.718,    2.087
[2025-12-04 01:01:33,051][    INFO] ==================================================================================================
[2025-12-04 01:01:33,524][    INFO] ===========> Epoch: 106/120, d1: 0.975, d2: 0.977, d3: 0.978
[2025-12-04 01:01:33,524][    INFO] ===========> Epoch: 106/120, abs_rel: 0.184, sq_rel: 0.206, rmse: 0.370, rmse_log: 0.116, log10: 0.036, silog: 0.104

[2025-12-04 01:01:34,735][    INFO] Iter: 0/35, LR: 0.0000007, Loss: 0.039
[2025-12-04 01:02:03,029][    INFO] Validate
[2025-12-04 01:02:05,229][    INFO] ==================================================================================================
[2025-12-04 01:02:05,229][    INFO]       d1,       d2,       d3,  abs_rel,   sq_rel,     rmse, rmse_log,    log10,    silog
[2025-12-04 01:02:05,229][    INFO]   19.459,   19.535,   19.546,    3.965,    6.148,    7.667,    2.312,    0.700,    2.100
[2025-12-04 01:02:05,229][    INFO] ==================================================================================================
[2025-12-04 01:02:05,680][    INFO] ===========> Epoch: 107/120, d1: 0.975, d2: 0.977, d3: 0.978
[2025-12-04 01:02:05,680][    INFO] ===========> Epoch: 107/120, abs_rel: 0.184, sq_rel: 0.206, rmse: 0.370, rmse_log: 0.116, log10: 0.035, silog: 0.104

[2025-12-04 01:02:06,884][    INFO] Iter: 0/35, LR: 0.0000007, Loss: 0.037
[2025-12-04 01:02:35,224][    INFO] Validate
[2025-12-04 01:02:37,449][    INFO] ==================================================================================================
[2025-12-04 01:02:37,449][    INFO]       d1,       d2,       d3,  abs_rel,   sq_rel,     rmse, rmse_log,    log10,    silog
[2025-12-04 01:02:37,450][    INFO]   19.475,   19.536,   19.547,    3.739,    5.372,    7.780,    2.286,    0.695,    2.076
[2025-12-04 01:02:37,450][    INFO] ==================================================================================================
[2025-12-04 01:02:37,927][    INFO] ===========> Epoch: 108/120, d1: 0.975, d2: 0.977, d3: 0.978
[2025-12-04 01:02:37,927][    INFO] ===========> Epoch: 108/120, abs_rel: 0.184, sq_rel: 0.206, rmse: 0.370, rmse_log: 0.114, log10: 0.035, silog: 0.104

[2025-12-04 01:02:39,212][    INFO] Iter: 0/35, LR: 0.0000006, Loss: 0.041
[2025-12-04 01:03:07,530][    INFO] Validate
[2025-12-04 01:03:09,769][    INFO] ==================================================================================================
[2025-12-04 01:03:09,769][    INFO]       d1,       d2,       d3,  abs_rel,   sq_rel,     rmse, rmse_log,    log10,    silog
[2025-12-04 01:03:09,770][    INFO]   19.487,   19.535,   19.546,    3.930,    6.032,    7.508,    2.296,    0.699,    2.080
[2025-12-04 01:03:09,770][    INFO] ==================================================================================================
[2025-12-04 01:03:10,222][    INFO] ===========> Epoch: 109/120, d1: 0.975, d2: 0.977, d3: 0.978
[2025-12-04 01:03:10,222][    INFO] ===========> Epoch: 109/120, abs_rel: 0.184, sq_rel: 0.206, rmse: 0.370, rmse_log: 0.114, log10: 0.035, silog: 0.104

[2025-12-04 01:03:11,432][    INFO] Iter: 0/35, LR: 0.0000006, Loss: 0.039
[2025-12-04 01:03:39,722][    INFO] Validate
[2025-12-04 01:03:41,944][    INFO] ==================================================================================================
[2025-12-04 01:03:41,944][    INFO]       d1,       d2,       d3,  abs_rel,   sq_rel,     rmse, rmse_log,    log10,    silog
[2025-12-04 01:03:41,945][    INFO]   19.479,   19.535,   19.546,    3.871,    5.782,    7.512,    2.316,    0.705,    2.103
[2025-12-04 01:03:41,945][    INFO] ==================================================================================================
[2025-12-04 01:03:42,431][    INFO] ===========> Epoch: 110/120, d1: 0.975, d2: 0.977, d3: 0.978
[2025-12-04 01:03:42,432][    INFO] ===========> Epoch: 110/120, abs_rel: 0.184, sq_rel: 0.206, rmse: 0.370, rmse_log: 0.114, log10: 0.035, silog: 0.104

[2025-12-04 01:03:43,648][    INFO] Iter: 0/35, LR: 0.0000005, Loss: 0.042
[2025-12-04 01:04:11,885][    INFO] Validate
[2025-12-04 01:04:14,086][    INFO] ==================================================================================================
[2025-12-04 01:04:14,087][    INFO]       d1,       d2,       d3,  abs_rel,   sq_rel,     rmse, rmse_log,    log10,    silog
[2025-12-04 01:04:14,087][    INFO]   19.481,   19.535,   19.546,    3.936,    6.153,    7.309,    2.283,    0.689,    2.081
[2025-12-04 01:04:14,087][    INFO] ==================================================================================================
[2025-12-04 01:04:14,532][    INFO] ===========> Epoch: 111/120, d1: 0.975, d2: 0.977, d3: 0.978
[2025-12-04 01:04:14,532][    INFO] ===========> Epoch: 111/120, abs_rel: 0.184, sq_rel: 0.206, rmse: 0.365, rmse_log: 0.114, log10: 0.034, silog: 0.104

[2025-12-04 01:04:15,772][    INFO] Iter: 0/35, LR: 0.0000005, Loss: 0.043
[2025-12-04 01:04:44,150][    INFO] Validate
[2025-12-04 01:04:46,352][    INFO] ==================================================================================================
[2025-12-04 01:04:46,352][    INFO]       d1,       d2,       d3,  abs_rel,   sq_rel,     rmse, rmse_log,    log10,    silog
[2025-12-04 01:04:46,352][    INFO]   19.483,   19.535,   19.547,    3.814,    5.566,    7.595,    2.312,    0.706,    2.101
[2025-12-04 01:04:46,352][    INFO] ==================================================================================================
[2025-12-04 01:04:46,895][    INFO] ===========> Epoch: 112/120, d1: 0.975, d2: 0.977, d3: 0.978
[2025-12-04 01:04:46,895][    INFO] ===========> Epoch: 112/120, abs_rel: 0.184, sq_rel: 0.206, rmse: 0.365, rmse_log: 0.114, log10: 0.034, silog: 0.104

[2025-12-04 01:04:48,074][    INFO] Iter: 0/35, LR: 0.0000004, Loss: 0.043
[2025-12-04 01:05:16,253][    INFO] Validate
[2025-12-04 01:05:18,434][    INFO] ==================================================================================================
[2025-12-04 01:05:18,434][    INFO]       d1,       d2,       d3,  abs_rel,   sq_rel,     rmse, rmse_log,    log10,    silog
[2025-12-04 01:05:18,435][    INFO]   19.490,   19.535,   19.546,    3.918,    5.905,    7.459,    2.309,    0.707,    2.085
[2025-12-04 01:05:18,435][    INFO] ==================================================================================================
[2025-12-04 01:05:18,963][    INFO] ===========> Epoch: 113/120, d1: 0.975, d2: 0.977, d3: 0.978
[2025-12-04 01:05:18,963][    INFO] ===========> Epoch: 113/120, abs_rel: 0.184, sq_rel: 0.206, rmse: 0.365, rmse_log: 0.114, log10: 0.034, silog: 0.104

[2025-12-04 01:05:20,218][    INFO] Iter: 0/35, LR: 0.0000004, Loss: 0.043
[2025-12-04 01:05:48,413][    INFO] Validate
[2025-12-04 01:05:50,608][    INFO] ==================================================================================================
[2025-12-04 01:05:50,608][    INFO]       d1,       d2,       d3,  abs_rel,   sq_rel,     rmse, rmse_log,    log10,    silog
[2025-12-04 01:05:50,608][    INFO]   19.488,   19.535,   19.546,    3.966,    5.740,    7.910,    2.384,    0.746,    2.128
[2025-12-04 01:05:50,608][    INFO] ==================================================================================================
[2025-12-04 01:05:51,157][    INFO] ===========> Epoch: 114/120, d1: 0.975, d2: 0.977, d3: 0.978
[2025-12-04 01:05:51,157][    INFO] ===========> Epoch: 114/120, abs_rel: 0.184, sq_rel: 0.206, rmse: 0.365, rmse_log: 0.114, log10: 0.034, silog: 0.104

[2025-12-04 01:05:52,385][    INFO] Iter: 0/35, LR: 0.0000003, Loss: 0.051
[2025-12-04 01:06:20,404][    INFO] Validate
[2025-12-04 01:06:22,595][    INFO] ==================================================================================================
[2025-12-04 01:06:22,595][    INFO]       d1,       d2,       d3,  abs_rel,   sq_rel,     rmse, rmse_log,    log10,    silog
[2025-12-04 01:06:22,596][    INFO]   19.477,   19.534,   19.546,    4.148,    5.967,    8.492,    2.521,    0.805,    2.215
[2025-12-04 01:06:22,596][    INFO] ==================================================================================================
[2025-12-04 01:06:23,131][    INFO] ===========> Epoch: 115/120, d1: 0.975, d2: 0.977, d3: 0.978
[2025-12-04 01:06:23,131][    INFO] ===========> Epoch: 115/120, abs_rel: 0.184, sq_rel: 0.206, rmse: 0.365, rmse_log: 0.114, log10: 0.034, silog: 0.104

[2025-12-04 01:06:24,355][    INFO] Iter: 0/35, LR: 0.0000003, Loss: 0.054
[2025-12-04 01:06:52,398][    INFO] Validate
[2025-12-04 01:06:54,629][    INFO] ==================================================================================================
[2025-12-04 01:06:54,629][    INFO]       d1,       d2,       d3,  abs_rel,   sq_rel,     rmse, rmse_log,    log10,    silog
[2025-12-04 01:06:54,629][    INFO]   19.466,   19.533,   19.544,    4.559,    7.043,    9.173,    2.682,    0.875,    2.317
[2025-12-04 01:06:54,629][    INFO] ==================================================================================================
[2025-12-04 01:06:55,092][    INFO] ===========> Epoch: 116/120, d1: 0.975, d2: 0.977, d3: 0.978
[2025-12-04 01:06:55,092][    INFO] ===========> Epoch: 116/120, abs_rel: 0.184, sq_rel: 0.206, rmse: 0.365, rmse_log: 0.114, log10: 0.034, silog: 0.104

[2025-12-04 01:06:56,329][    INFO] Iter: 0/35, LR: 0.0000002, Loss: 0.066
[2025-12-04 01:07:24,451][    INFO] Validate
[2025-12-04 01:07:26,656][    INFO] ==================================================================================================
[2025-12-04 01:07:26,656][    INFO]       d1,       d2,       d3,  abs_rel,   sq_rel,     rmse, rmse_log,    log10,    silog
[2025-12-04 01:07:26,657][    INFO]   19.468,   19.533,   19.544,    4.533,    7.004,    9.122,    2.656,    0.868,    2.294
[2025-12-04 01:07:26,657][    INFO] ==================================================================================================
[2025-12-04 01:07:27,175][    INFO] ===========> Epoch: 117/120, d1: 0.975, d2: 0.977, d3: 0.978
[2025-12-04 01:07:27,175][    INFO] ===========> Epoch: 117/120, abs_rel: 0.184, sq_rel: 0.206, rmse: 0.365, rmse_log: 0.114, log10: 0.034, silog: 0.104

[2025-12-04 01:07:28,402][    INFO] Iter: 0/35, LR: 0.0000002, Loss: 0.054
[2025-12-04 01:07:56,467][    INFO] Validate
[2025-12-04 01:07:58,692][    INFO] ==================================================================================================
[2025-12-04 01:07:58,692][    INFO]       d1,       d2,       d3,  abs_rel,   sq_rel,     rmse, rmse_log,    log10,    silog
[2025-12-04 01:07:58,693][    INFO]   19.479,   19.534,   19.545,    4.416,    7.002,    8.628,    2.547,    0.817,    2.229
[2025-12-04 01:07:58,693][    INFO] ==================================================================================================
[2025-12-04 01:07:59,166][    INFO] ===========> Epoch: 118/120, d1: 0.975, d2: 0.977, d3: 0.978
[2025-12-04 01:07:59,166][    INFO] ===========> Epoch: 118/120, abs_rel: 0.184, sq_rel: 0.206, rmse: 0.365, rmse_log: 0.114, log10: 0.034, silog: 0.104

[2025-12-04 01:08:00,414][    INFO] Iter: 0/35, LR: 0.0000001, Loss: 0.047
[2025-12-04 01:08:28,538][    INFO] Validate
[2025-12-04 01:08:30,756][    INFO] ==================================================================================================
[2025-12-04 01:08:30,756][    INFO]       d1,       d2,       d3,  abs_rel,   sq_rel,     rmse, rmse_log,    log10,    silog
[2025-12-04 01:08:30,757][    INFO]   19.488,   19.534,   19.545,    4.200,    6.518,    8.177,    2.437,    0.766,    2.160
[2025-12-04 01:08:30,757][    INFO] ==================================================================================================
[2025-12-04 01:08:31,220][    INFO] ===========> Epoch: 119/120, d1: 0.975, d2: 0.977, d3: 0.978
[2025-12-04 01:08:31,220][    INFO] ===========> Epoch: 119/120, abs_rel: 0.184, sq_rel: 0.206, rmse: 0.365, rmse_log: 0.114, log10: 0.034, silog: 0.104

[2025-12-04 01:08:32,414][    INFO] Iter: 0/35, LR: 0.0000001, Loss: 0.040
[2025-12-04 01:09:00,542][    INFO] Validate
[2025-12-04 01:09:02,773][    INFO] ==================================================================================================
[2025-12-04 01:09:02,773][    INFO]       d1,       d2,       d3,  abs_rel,   sq_rel,     rmse, rmse_log,    log10,    silog
[2025-12-04 01:09:02,774][    INFO]   19.484,   19.534,   19.545,    4.300,    6.762,    8.277,    2.483,    0.787,    2.195
[2025-12-04 01:09:02,774][    INFO] ==================================================================================================
[2025-12-04 01:09:03,558][    INFO] Size (finetuned): 99.23 MB
[2025-12-04 01:09:03,572][    INFO] Testing metric_finetuned model

[2025-12-04 01:09:08,353][    INFO] Measured over "10" samples of training data from "HyperSim" dataset
[2025-12-04 01:09:08,353][    INFO] Time is in ms per sample (only for inference step)
[2025-12-04 01:09:08,353][    INFO]  
[2025-12-04 01:09:08,353][    INFO] ==================================================================================================
[2025-12-04 01:09:08,353][    INFO]       d1,       d2,       d3,  abs_rel,   sq_rel,     rmse, rmse_log,    log10,    silog,     time
[2025-12-04 01:09:08,353][    INFO]    0.991,    1.000,    1.000,    0.054,    0.028,    0.396,    0.064,    0.022,    0.055,  424.431
[2025-12-04 01:09:08,353][    INFO] ==================================================================================================
[2025-12-04 01:09:08,542][    INFO] Size (quantized): 40.86 MB
[2025-12-04 01:09:08,547][    INFO] Testing quantized model


[2025-12-04 01:09:12,229][    INFO] Measured over "10" samples of training data from "HyperSim" dataset
[2025-12-04 01:09:12,229][    INFO] Time is in ms per sample (only for inference step)
[2025-12-04 01:09:12,229][    INFO]  
[2025-12-04 01:09:12,229][    INFO] ==================================================================================================
[2025-12-04 01:09:12,229][    INFO]       d1,       d2,       d3,  abs_rel,   sq_rel,     rmse, rmse_log,    log10,    silog,     time
[2025-12-04 01:09:12,229][    INFO]    0.990,    1.000,    1.000,    0.055,    0.029,    0.400,    0.065,    0.023,    0.055,  317.624
[2025-12-04 01:09:12,229][    INFO] ==================================================================================================
[2025-12-04 01:09:16,171][    INFO] Estimate latency of checkpoint with same input
[2025-12-04 01:09:16,171][    INFO] Time per sample (ms): 71.76617950439453 +- 1.017041887777668
[2025-12-04 01:09:20,132][    INFO] Estimate latency of finetuned with same input
[2025-12-04 01:09:20,132][    INFO] Time per sample (ms): 71.90038497924805 +- 0.7587196885415659
[2025-12-04 01:09:24,077][    INFO] Estimate latency of quantized with same input
[2025-12-04 01:09:24,078][    INFO] Time per sample (ms): 71.61221115112305 +- 0.45500788203800563
[2025-12-04 01:09:24,078][    INFO] End of program





