xFormers not available
xFormers not available
[2025-12-05 17:30:36,508][    INFO] {'bs': 4,
 'dataset': 'HyperSim',
 'encoder': 'vits',
 'epochs': 120,
 'img_size': 518,
 'lr': 5e-06,
 'max_depth': 20,
 'min_depth': 0.001,
 'ngpus': 0,
 'pretrained_from': '../checkpoints/depth_anything_v2_vits.pth',
 'save_path': './QAT/int8weightonly'}

[2025-12-05 17:30:36,510][    INFO] Using "cuda"
[2025-12-05 17:30:36,921][    INFO] Size (checkpoint): 99.22 MB
[2025-12-05 17:30:36,928][    INFO] Testing rel_checkpoint model
[2025-12-05 17:30:40,489][    INFO] Measured over "10" samples of testing data from "HyperSim" dataset
[2025-12-05 17:30:40,490][    INFO] Time is in ms per sample (only for inference step)
[2025-12-05 17:30:40,490][    INFO]  
[2025-12-05 17:30:40,491][    INFO] ==================================================================================================
[2025-12-05 17:30:40,491][    INFO]       d1,       d2,       d3,  abs_rel,   sq_rel,     rmse, rmse_log,    log10,    silog,     time
[2025-12-05 17:30:40,491][    INFO]    0.058,    0.154,    0.281,    2.826,   42.720,   11.529,    1.192,    0.467,    0.935,  306.915
[2025-12-05 17:30:40,491][    INFO] ==================================================================================================
[2025-12-05 17:30:40,718][    INFO] ===========> Epoch: 0/120, d1: 0.000, d2: 0.000, d3: 0.000
[2025-12-05 17:30:40,718][    INFO] ===========> Epoch: 0/120, abs_rel: 100.000, sq_rel: 100.000, rmse: 100.000, rmse_log: 100.000, log10: 100.000, silog: 100.000


[2025-12-05 17:30:41,729][    INFO] Iter: 0/35, LR: 0.0000050, Loss: 1.025
[2025-12-05 17:31:02,593][    INFO] Validate
[2025-12-05 17:31:04,312][    INFO] ==================================================================================================
[2025-12-05 17:31:04,312][    INFO]       d1,       d2,       d3,  abs_rel,   sq_rel,     rmse, rmse_log,    log10,    silog
[2025-12-05 17:31:04,312][    INFO]   10.476,   16.274,   18.742,   13.310,   44.895,   45.012,    8.144,    2.761,    7.599
[2025-12-05 17:31:04,312][    INFO] ==================================================================================================
[2025-12-05 17:31:04,661][    INFO] ===========> Epoch: 1/120, d1: 0.524, d2: 0.814, d3: 0.937
[2025-12-05 17:31:04,661][    INFO] ===========> Epoch: 1/120, abs_rel: 0.666, sq_rel: 2.245, rmse: 2.251, rmse_log: 0.407, log10: 0.138, silog: 0.380

[2025-12-05 17:31:05,543][    INFO] Iter: 0/35, LR: 0.0000050, Loss: 0.249
[2025-12-05 17:31:26,957][    INFO] Validate
[2025-12-05 17:31:28,671][    INFO] ==================================================================================================
[2025-12-05 17:31:28,671][    INFO]       d1,       d2,       d3,  abs_rel,   sq_rel,     rmse, rmse_log,    log10,    silog
[2025-12-05 17:31:28,672][    INFO]   10.093,   16.678,   18.943,   13.179,   46.051,   42.524,    7.628,    2.659,    6.663
[2025-12-05 17:31:28,672][    INFO] ==================================================================================================
[2025-12-05 17:31:29,071][    INFO] ===========> Epoch: 2/120, d1: 0.524, d2: 0.834, d3: 0.947
[2025-12-05 17:31:29,071][    INFO] ===========> Epoch: 2/120, abs_rel: 0.659, sq_rel: 2.245, rmse: 2.126, rmse_log: 0.381, log10: 0.133, silog: 0.333

[2025-12-05 17:31:29,963][    INFO] Iter: 0/35, LR: 0.0000049, Loss: 0.283
[2025-12-05 17:31:51,677][    INFO] Validate
[2025-12-05 17:31:53,406][    INFO] ==================================================================================================
[2025-12-05 17:31:53,406][    INFO]       d1,       d2,       d3,  abs_rel,   sq_rel,     rmse, rmse_log,    log10,    silog
[2025-12-05 17:31:53,406][    INFO]   13.515,   18.335,   19.320,    8.599,   21.102,   32.506,    5.923,    2.000,    5.348
[2025-12-05 17:31:53,406][    INFO] ==================================================================================================
[2025-12-05 17:31:53,760][    INFO] ===========> Epoch: 3/120, d1: 0.676, d2: 0.917, d3: 0.966
[2025-12-05 17:31:53,761][    INFO] ===========> Epoch: 3/120, abs_rel: 0.430, sq_rel: 1.055, rmse: 1.625, rmse_log: 0.296, log10: 0.100, silog: 0.267

[2025-12-05 17:31:54,683][    INFO] Iter: 0/35, LR: 0.0000049, Loss: 0.179
[2025-12-05 17:32:16,647][    INFO] Validate
[2025-12-05 17:32:18,397][    INFO] ==================================================================================================
[2025-12-05 17:32:18,397][    INFO]       d1,       d2,       d3,  abs_rel,   sq_rel,     rmse, rmse_log,    log10,    silog
[2025-12-05 17:32:18,398][    INFO]   14.072,   18.450,   19.268,    9.128,   24.878,   33.059,    5.868,    1.950,    5.203
[2025-12-05 17:32:18,398][    INFO] ==================================================================================================
[2025-12-05 17:32:18,771][    INFO] ===========> Epoch: 4/120, d1: 0.704, d2: 0.922, d3: 0.966
[2025-12-05 17:32:18,771][    INFO] ===========> Epoch: 4/120, abs_rel: 0.430, sq_rel: 1.055, rmse: 1.625, rmse_log: 0.293, log10: 0.097, silog: 0.260

[2025-12-05 17:32:19,705][    INFO] Iter: 0/35, LR: 0.0000048, Loss: 0.160
[2025-12-05 17:32:42,030][    INFO] Validate
[2025-12-05 17:32:43,819][    INFO] ==================================================================================================
[2025-12-05 17:32:43,819][    INFO]       d1,       d2,       d3,  abs_rel,   sq_rel,     rmse, rmse_log,    log10,    silog
[2025-12-05 17:32:43,819][    INFO]   17.258,   19.298,   19.518,    7.922,   20.143,   21.272,    4.446,    1.417,    4.105
[2025-12-05 17:32:43,819][    INFO] ==================================================================================================
[2025-12-05 17:32:44,221][    INFO] ===========> Epoch: 5/120, d1: 0.863, d2: 0.965, d3: 0.976
[2025-12-05 17:32:44,221][    INFO] ===========> Epoch: 5/120, abs_rel: 0.396, sq_rel: 1.007, rmse: 1.064, rmse_log: 0.222, log10: 0.071, silog: 0.205

[2025-12-05 17:32:45,179][    INFO] Iter: 0/35, LR: 0.0000048, Loss: 0.124
[2025-12-05 17:33:07,723][    INFO] Validate
[2025-12-05 17:33:09,512][    INFO] ==================================================================================================
[2025-12-05 17:33:09,513][    INFO]       d1,       d2,       d3,  abs_rel,   sq_rel,     rmse, rmse_log,    log10,    silog
[2025-12-05 17:33:09,513][    INFO]   17.529,   18.985,   19.154,    6.739,   14.435,   19.757,    4.643,    1.455,    4.293
[2025-12-05 17:33:09,513][    INFO] ==================================================================================================
[2025-12-05 17:33:09,958][    INFO] ===========> Epoch: 6/120, d1: 0.876, d2: 0.965, d3: 0.976
[2025-12-05 17:33:09,958][    INFO] ===========> Epoch: 6/120, abs_rel: 0.337, sq_rel: 0.722, rmse: 0.988, rmse_log: 0.222, log10: 0.071, silog: 0.205

[2025-12-05 17:33:10,916][    INFO] Iter: 0/35, LR: 0.0000048, Loss: 0.146
[2025-12-05 17:33:33,784][    INFO] Validate
[2025-12-05 17:33:35,564][    INFO] ==================================================================================================
[2025-12-05 17:33:35,565][    INFO]       d1,       d2,       d3,  abs_rel,   sq_rel,     rmse, rmse_log,    log10,    silog
[2025-12-05 17:33:35,565][    INFO]   18.065,   19.250,   19.522,    6.344,   13.120,   18.424,    3.993,    1.270,    3.730
[2025-12-05 17:33:35,565][    INFO] ==================================================================================================
[2025-12-05 17:33:35,984][    INFO] ===========> Epoch: 7/120, d1: 0.903, d2: 0.965, d3: 0.976
[2025-12-05 17:33:35,984][    INFO] ===========> Epoch: 7/120, abs_rel: 0.317, sq_rel: 0.656, rmse: 0.921, rmse_log: 0.200, log10: 0.063, silog: 0.186

[2025-12-05 17:33:36,919][    INFO] Iter: 0/35, LR: 0.0000047, Loss: 0.100
[2025-12-05 17:33:59,985][    INFO] Validate
[2025-12-05 17:34:01,791][    INFO] ==================================================================================================
[2025-12-05 17:34:01,792][    INFO]       d1,       d2,       d3,  abs_rel,   sq_rel,     rmse, rmse_log,    log10,    silog
[2025-12-05 17:34:01,792][    INFO]   16.758,   19.029,   19.226,    6.126,   10.834,   21.860,    4.709,    1.529,    4.331
[2025-12-05 17:34:01,792][    INFO] ==================================================================================================
[2025-12-05 17:34:02,230][    INFO] ===========> Epoch: 8/120, d1: 0.903, d2: 0.965, d3: 0.976
[2025-12-05 17:34:02,230][    INFO] ===========> Epoch: 8/120, abs_rel: 0.306, sq_rel: 0.542, rmse: 0.921, rmse_log: 0.200, log10: 0.063, silog: 0.186

[2025-12-05 17:34:03,242][    INFO] Iter: 0/35, LR: 0.0000047, Loss: 0.121
[2025-12-05 17:34:26,541][    INFO] Validate
[2025-12-05 17:34:28,352][    INFO] ==================================================================================================
[2025-12-05 17:34:28,352][    INFO]       d1,       d2,       d3,  abs_rel,   sq_rel,     rmse, rmse_log,    log10,    silog
[2025-12-05 17:34:28,352][    INFO]   17.866,   19.332,   19.524,    6.751,   14.537,   18.340,    4.052,    1.314,    3.687
[2025-12-05 17:34:28,352][    INFO] ==================================================================================================
[2025-12-05 17:34:28,791][    INFO] ===========> Epoch: 9/120, d1: 0.903, d2: 0.967, d3: 0.976
[2025-12-05 17:34:28,792][    INFO] ===========> Epoch: 9/120, abs_rel: 0.306, sq_rel: 0.542, rmse: 0.917, rmse_log: 0.200, log10: 0.063, silog: 0.184

[2025-12-05 17:34:29,753][    INFO] Iter: 0/35, LR: 0.0000047, Loss: 0.106
[2025-12-05 17:34:53,193][    INFO] Validate
[2025-12-05 17:34:55,050][    INFO] ==================================================================================================
[2025-12-05 17:34:55,050][    INFO]       d1,       d2,       d3,  abs_rel,   sq_rel,     rmse, rmse_log,    log10,    silog
[2025-12-05 17:34:55,050][    INFO]   18.201,   19.193,   19.402,    6.177,   12.426,   16.749,    3.925,    1.233,    3.635
[2025-12-05 17:34:55,050][    INFO] ==================================================================================================
[2025-12-05 17:34:55,505][    INFO] ===========> Epoch: 10/120, d1: 0.910, d2: 0.967, d3: 0.976
[2025-12-05 17:34:55,505][    INFO] ===========> Epoch: 10/120, abs_rel: 0.306, sq_rel: 0.542, rmse: 0.837, rmse_log: 0.196, log10: 0.062, silog: 0.182

[2025-12-05 17:34:56,501][    INFO] Iter: 0/35, LR: 0.0000046, Loss: 0.096
[2025-12-05 17:35:20,253][    INFO] Validate
[2025-12-05 17:35:22,072][    INFO] ==================================================================================================
[2025-12-05 17:35:22,073][    INFO]       d1,       d2,       d3,  abs_rel,   sq_rel,     rmse, rmse_log,    log10,    silog
[2025-12-05 17:35:22,073][    INFO]   17.425,   19.331,   19.541,    6.949,   15.162,   19.400,    4.130,    1.339,    3.643
[2025-12-05 17:35:22,073][    INFO] ==================================================================================================
[2025-12-05 17:35:22,470][    INFO] ===========> Epoch: 11/120, d1: 0.910, d2: 0.967, d3: 0.977
[2025-12-05 17:35:22,470][    INFO] ===========> Epoch: 11/120, abs_rel: 0.306, sq_rel: 0.542, rmse: 0.837, rmse_log: 0.196, log10: 0.062, silog: 0.182

[2025-12-05 17:35:23,462][    INFO] Iter: 0/35, LR: 0.0000046, Loss: 0.094
[2025-12-05 17:35:47,194][    INFO] Validate
[2025-12-05 17:35:49,031][    INFO] ==================================================================================================
[2025-12-05 17:35:49,031][    INFO]       d1,       d2,       d3,  abs_rel,   sq_rel,     rmse, rmse_log,    log10,    silog
[2025-12-05 17:35:49,031][    INFO]   18.538,   19.199,   19.395,    5.109,    8.364,   14.930,    3.597,    1.130,    3.336
[2025-12-05 17:35:49,031][    INFO] ==================================================================================================
[2025-12-05 17:35:49,423][    INFO] ===========> Epoch: 12/120, d1: 0.927, d2: 0.967, d3: 0.977
[2025-12-05 17:35:49,423][    INFO] ===========> Epoch: 12/120, abs_rel: 0.255, sq_rel: 0.418, rmse: 0.746, rmse_log: 0.180, log10: 0.056, silog: 0.167

[2025-12-05 17:35:50,398][    INFO] Iter: 0/35, LR: 0.0000045, Loss: 0.110
[2025-12-05 17:36:14,164][    INFO] Validate
[2025-12-05 17:36:16,040][    INFO] ==================================================================================================
[2025-12-05 17:36:16,040][    INFO]       d1,       d2,       d3,  abs_rel,   sq_rel,     rmse, rmse_log,    log10,    silog
[2025-12-05 17:36:16,040][    INFO]   18.242,   19.339,   19.504,    6.491,   13.132,   15.821,    3.857,    1.228,    3.454
[2025-12-05 17:36:16,040][    INFO] ==================================================================================================
[2025-12-05 17:36:16,483][    INFO] ===========> Epoch: 13/120, d1: 0.927, d2: 0.967, d3: 0.977
[2025-12-05 17:36:16,483][    INFO] ===========> Epoch: 13/120, abs_rel: 0.255, sq_rel: 0.418, rmse: 0.746, rmse_log: 0.180, log10: 0.056, silog: 0.167

[2025-12-05 17:36:17,471][    INFO] Iter: 0/35, LR: 0.0000045, Loss: 0.088
[2025-12-05 17:36:41,314][    INFO] Validate
[2025-12-05 17:36:43,141][    INFO] ==================================================================================================
[2025-12-05 17:36:43,141][    INFO]       d1,       d2,       d3,  abs_rel,   sq_rel,     rmse, rmse_log,    log10,    silog
[2025-12-05 17:36:43,141][    INFO]   18.235,   19.174,   19.453,    5.428,    9.136,   18.146,    3.838,    1.240,    3.503
[2025-12-05 17:36:43,141][    INFO] ==================================================================================================
[2025-12-05 17:36:43,566][    INFO] ===========> Epoch: 14/120, d1: 0.927, d2: 0.967, d3: 0.977
[2025-12-05 17:36:43,566][    INFO] ===========> Epoch: 14/120, abs_rel: 0.255, sq_rel: 0.418, rmse: 0.746, rmse_log: 0.180, log10: 0.056, silog: 0.167

[2025-12-05 17:36:44,479][    INFO] Iter: 0/35, LR: 0.0000045, Loss: 0.087
[2025-12-05 17:37:08,291][    INFO] Validate
[2025-12-05 17:37:10,139][    INFO] ==================================================================================================
[2025-12-05 17:37:10,140][    INFO]       d1,       d2,       d3,  abs_rel,   sq_rel,     rmse, rmse_log,    log10,    silog
[2025-12-05 17:37:10,140][    INFO]   18.488,   19.521,   19.541,    6.904,   15.553,   16.882,    3.785,    1.246,    3.331
[2025-12-05 17:37:10,140][    INFO] ==================================================================================================
[2025-12-05 17:37:10,583][    INFO] ===========> Epoch: 15/120, d1: 0.927, d2: 0.976, d3: 0.977
[2025-12-05 17:37:10,583][    INFO] ===========> Epoch: 15/120, abs_rel: 0.255, sq_rel: 0.418, rmse: 0.746, rmse_log: 0.180, log10: 0.056, silog: 0.167

[2025-12-05 17:37:11,553][    INFO] Iter: 0/35, LR: 0.0000044, Loss: 0.096
[2025-12-05 17:37:35,456][    INFO] Validate
[2025-12-05 17:37:37,292][    INFO] ==================================================================================================
[2025-12-05 17:37:37,293][    INFO]       d1,       d2,       d3,  abs_rel,   sq_rel,     rmse, rmse_log,    log10,    silog
[2025-12-05 17:37:37,293][    INFO]   18.207,   19.357,   19.550,    5.270,    8.261,   14.525,    3.634,    1.195,    3.268
[2025-12-05 17:37:37,293][    INFO] ==================================================================================================
[2025-12-05 17:37:37,976][    INFO] ===========> Epoch: 16/120, d1: 0.927, d2: 0.976, d3: 0.978
[2025-12-05 17:37:37,976][    INFO] ===========> Epoch: 16/120, abs_rel: 0.255, sq_rel: 0.413, rmse: 0.726, rmse_log: 0.180, log10: 0.056, silog: 0.163

[2025-12-05 17:37:38,965][    INFO] Iter: 0/35, LR: 0.0000044, Loss: 0.132
[2025-12-05 17:38:02,859][    INFO] Validate
[2025-12-05 17:38:04,720][    INFO] ==================================================================================================
[2025-12-05 17:38:04,720][    INFO]       d1,       d2,       d3,  abs_rel,   sq_rel,     rmse, rmse_log,    log10,    silog
[2025-12-05 17:38:04,721][    INFO]   18.299,   19.525,   19.549,    5.761,    9.559,   17.467,    3.785,    1.294,    3.315
[2025-12-05 17:38:04,721][    INFO] ==================================================================================================
[2025-12-05 17:38:05,157][    INFO] ===========> Epoch: 17/120, d1: 0.927, d2: 0.976, d3: 0.978
[2025-12-05 17:38:05,157][    INFO] ===========> Epoch: 17/120, abs_rel: 0.255, sq_rel: 0.413, rmse: 0.726, rmse_log: 0.180, log10: 0.056, silog: 0.163

[2025-12-05 17:38:06,108][    INFO] Iter: 0/35, LR: 0.0000044, Loss: 0.103
[2025-12-05 17:38:29,973][    INFO] Validate
[2025-12-05 17:38:31,822][    INFO] ==================================================================================================
[2025-12-05 17:38:31,822][    INFO]       d1,       d2,       d3,  abs_rel,   sq_rel,     rmse, rmse_log,    log10,    silog
[2025-12-05 17:38:31,822][    INFO]   16.040,   18.967,   19.242,    5.950,    9.205,   18.160,    4.603,    1.580,    4.053
[2025-12-05 17:38:31,822][    INFO] ==================================================================================================
[2025-12-05 17:38:32,251][    INFO] ===========> Epoch: 18/120, d1: 0.927, d2: 0.976, d3: 0.978
[2025-12-05 17:38:32,251][    INFO] ===========> Epoch: 18/120, abs_rel: 0.255, sq_rel: 0.413, rmse: 0.726, rmse_log: 0.180, log10: 0.056, silog: 0.163

[2025-12-05 17:38:33,251][    INFO] Iter: 0/35, LR: 0.0000043, Loss: 0.169
[2025-12-05 17:38:57,104][    INFO] Validate
[2025-12-05 17:38:58,943][    INFO] ==================================================================================================
[2025-12-05 17:38:58,943][    INFO]       d1,       d2,       d3,  abs_rel,   sq_rel,     rmse, rmse_log,    log10,    silog
[2025-12-05 17:38:58,944][    INFO]   18.698,   19.058,   19.359,    5.805,   11.107,   14.197,    3.686,    1.161,    3.379
[2025-12-05 17:38:58,944][    INFO] ==================================================================================================
[2025-12-05 17:38:59,379][    INFO] ===========> Epoch: 19/120, d1: 0.935, d2: 0.976, d3: 0.978
[2025-12-05 17:38:59,379][    INFO] ===========> Epoch: 19/120, abs_rel: 0.255, sq_rel: 0.413, rmse: 0.710, rmse_log: 0.180, log10: 0.056, silog: 0.163

[2025-12-05 17:39:00,351][    INFO] Iter: 0/35, LR: 0.0000043, Loss: 0.090
[2025-12-05 17:39:24,315][    INFO] Validate
[2025-12-05 17:39:26,198][    INFO] ==================================================================================================
[2025-12-05 17:39:26,198][    INFO]       d1,       d2,       d3,  abs_rel,   sq_rel,     rmse, rmse_log,    log10,    silog
[2025-12-05 17:39:26,198][    INFO]   19.195,   19.532,   19.546,    5.211,    9.189,   13.225,    3.153,    1.007,    2.904
[2025-12-05 17:39:26,198][    INFO] ==================================================================================================
[2025-12-05 17:39:26,648][    INFO] ===========> Epoch: 20/120, d1: 0.960, d2: 0.977, d3: 0.978
[2025-12-05 17:39:26,648][    INFO] ===========> Epoch: 20/120, abs_rel: 0.255, sq_rel: 0.413, rmse: 0.661, rmse_log: 0.158, log10: 0.050, silog: 0.145

[2025-12-05 17:39:27,646][    INFO] Iter: 0/35, LR: 0.0000042, Loss: 0.087
[2025-12-05 17:39:51,739][    INFO] Validate
[2025-12-05 17:39:53,587][    INFO] ==================================================================================================
[2025-12-05 17:39:53,587][    INFO]       d1,       d2,       d3,  abs_rel,   sq_rel,     rmse, rmse_log,    log10,    silog
[2025-12-05 17:39:53,587][    INFO]   18.946,   19.533,   19.545,    5.557,   10.475,   15.176,    3.302,    1.059,    2.981
[2025-12-05 17:39:53,587][    INFO] ==================================================================================================
[2025-12-05 17:39:54,046][    INFO] ===========> Epoch: 21/120, d1: 0.960, d2: 0.977, d3: 0.978
[2025-12-05 17:39:54,046][    INFO] ===========> Epoch: 21/120, abs_rel: 0.255, sq_rel: 0.413, rmse: 0.661, rmse_log: 0.158, log10: 0.050, silog: 0.145

[2025-12-05 17:39:55,054][    INFO] Iter: 0/35, LR: 0.0000042, Loss: 0.101
[2025-12-05 17:40:18,912][    INFO] Validate
[2025-12-05 17:40:20,760][    INFO] ==================================================================================================
[2025-12-05 17:40:20,761][    INFO]       d1,       d2,       d3,  abs_rel,   sq_rel,     rmse, rmse_log,    log10,    silog
[2025-12-05 17:40:20,761][    INFO]   19.149,   19.531,   19.547,    4.746,    7.495,   12.909,    3.047,    0.965,    2.783
[2025-12-05 17:40:20,761][    INFO] ==================================================================================================
[2025-12-05 17:40:21,179][    INFO] ===========> Epoch: 22/120, d1: 0.960, d2: 0.977, d3: 0.978
[2025-12-05 17:40:21,179][    INFO] ===========> Epoch: 22/120, abs_rel: 0.237, sq_rel: 0.375, rmse: 0.645, rmse_log: 0.152, log10: 0.048, silog: 0.139

[2025-12-05 17:40:22,201][    INFO] Iter: 0/35, LR: 0.0000042, Loss: 0.084
[2025-12-05 17:40:46,004][    INFO] Validate
[2025-12-05 17:40:47,839][    INFO] ==================================================================================================
[2025-12-05 17:40:47,839][    INFO]       d1,       d2,       d3,  abs_rel,   sq_rel,     rmse, rmse_log,    log10,    silog
[2025-12-05 17:40:47,840][    INFO]   18.064,   19.477,   19.550,    5.178,    7.476,   14.309,    3.653,    1.253,    3.206
[2025-12-05 17:40:47,840][    INFO] ==================================================================================================
[2025-12-05 17:40:48,284][    INFO] ===========> Epoch: 23/120, d1: 0.960, d2: 0.977, d3: 0.978
[2025-12-05 17:40:48,284][    INFO] ===========> Epoch: 23/120, abs_rel: 0.237, sq_rel: 0.374, rmse: 0.645, rmse_log: 0.152, log10: 0.048, silog: 0.139

[2025-12-05 17:40:49,217][    INFO] Iter: 0/35, LR: 0.0000041, Loss: 0.131
[2025-12-05 17:41:13,094][    INFO] Validate
[2025-12-05 17:41:14,941][    INFO] ==================================================================================================
[2025-12-05 17:41:14,941][    INFO]       d1,       d2,       d3,  abs_rel,   sq_rel,     rmse, rmse_log,    log10,    silog
[2025-12-05 17:41:14,942][    INFO]   19.113,   19.530,   19.549,    4.715,    7.458,   11.355,    2.941,    0.927,    2.680
[2025-12-05 17:41:14,942][    INFO] ==================================================================================================
[2025-12-05 17:41:15,369][    INFO] ===========> Epoch: 24/120, d1: 0.960, d2: 0.977, d3: 0.978
[2025-12-05 17:41:15,369][    INFO] ===========> Epoch: 24/120, abs_rel: 0.236, sq_rel: 0.373, rmse: 0.568, rmse_log: 0.147, log10: 0.046, silog: 0.134

[2025-12-05 17:41:16,366][    INFO] Iter: 0/35, LR: 0.0000041, Loss: 0.080
[2025-12-05 17:41:40,193][    INFO] Validate
[2025-12-05 17:41:42,027][    INFO] ==================================================================================================
[2025-12-05 17:41:42,027][    INFO]       d1,       d2,       d3,  abs_rel,   sq_rel,     rmse, rmse_log,    log10,    silog
[2025-12-05 17:41:42,028][    INFO]   19.019,   19.533,   19.546,    4.845,    7.985,   11.958,    3.064,    0.964,    2.815
[2025-12-05 17:41:42,028][    INFO] ==================================================================================================
[2025-12-05 17:41:42,466][    INFO] ===========> Epoch: 25/120, d1: 0.960, d2: 0.977, d3: 0.978
[2025-12-05 17:41:42,466][    INFO] ===========> Epoch: 25/120, abs_rel: 0.236, sq_rel: 0.373, rmse: 0.568, rmse_log: 0.147, log10: 0.046, silog: 0.134

[2025-12-05 17:41:43,466][    INFO] Iter: 0/35, LR: 0.0000041, Loss: 0.076
[2025-12-05 17:42:07,343][    INFO] Validate
[2025-12-05 17:42:09,185][    INFO] ==================================================================================================
[2025-12-05 17:42:09,185][    INFO]       d1,       d2,       d3,  abs_rel,   sq_rel,     rmse, rmse_log,    log10,    silog
[2025-12-05 17:42:09,186][    INFO]   19.272,   19.535,   19.547,    4.948,    8.295,   13.050,    3.020,    0.954,    2.770
[2025-12-05 17:42:09,186][    INFO] ==================================================================================================
[2025-12-05 17:42:09,626][    INFO] ===========> Epoch: 26/120, d1: 0.964, d2: 0.977, d3: 0.978
[2025-12-05 17:42:09,626][    INFO] ===========> Epoch: 26/120, abs_rel: 0.236, sq_rel: 0.373, rmse: 0.568, rmse_log: 0.147, log10: 0.046, silog: 0.134

[2025-12-05 17:42:10,614][    INFO] Iter: 0/35, LR: 0.0000040, Loss: 0.079
[2025-12-05 17:42:34,592][    INFO] Validate
[2025-12-05 17:42:36,442][    INFO] ==================================================================================================
[2025-12-05 17:42:36,442][    INFO]       d1,       d2,       d3,  abs_rel,   sq_rel,     rmse, rmse_log,    log10,    silog
[2025-12-05 17:42:36,442][    INFO]   18.933,   19.534,   19.549,    4.426,    6.428,   11.559,    2.982,    0.940,    2.719
[2025-12-05 17:42:36,442][    INFO] ==================================================================================================
[2025-12-05 17:42:36,886][    INFO] ===========> Epoch: 27/120, d1: 0.964, d2: 0.977, d3: 0.978
[2025-12-05 17:42:36,886][    INFO] ===========> Epoch: 27/120, abs_rel: 0.221, sq_rel: 0.321, rmse: 0.568, rmse_log: 0.147, log10: 0.046, silog: 0.134

[2025-12-05 17:42:37,881][    INFO] Iter: 0/35, LR: 0.0000040, Loss: 0.077
[2025-12-05 17:43:01,897][    INFO] Validate
[2025-12-05 17:43:03,741][    INFO] ==================================================================================================
[2025-12-05 17:43:03,741][    INFO]       d1,       d2,       d3,  abs_rel,   sq_rel,     rmse, rmse_log,    log10,    silog
[2025-12-05 17:43:03,741][    INFO]   18.743,   19.506,   19.548,    4.909,    7.588,   11.940,    3.229,    1.037,    2.900
[2025-12-05 17:43:03,741][    INFO] ==================================================================================================
[2025-12-05 17:43:04,151][    INFO] ===========> Epoch: 28/120, d1: 0.964, d2: 0.977, d3: 0.978
[2025-12-05 17:43:04,152][    INFO] ===========> Epoch: 28/120, abs_rel: 0.221, sq_rel: 0.321, rmse: 0.568, rmse_log: 0.147, log10: 0.046, silog: 0.134

[2025-12-05 17:43:05,178][    INFO] Iter: 0/35, LR: 0.0000039, Loss: 0.095
[2025-12-05 17:43:29,372][    INFO] Validate
[2025-12-05 17:43:31,242][    INFO] ==================================================================================================
[2025-12-05 17:43:31,243][    INFO]       d1,       d2,       d3,  abs_rel,   sq_rel,     rmse, rmse_log,    log10,    silog
[2025-12-05 17:43:31,243][    INFO]   18.768,   19.452,   19.548,    4.777,    7.401,   11.708,    3.172,    0.994,    2.907
[2025-12-05 17:43:31,243][    INFO] ==================================================================================================
[2025-12-05 17:43:31,678][    INFO] ===========> Epoch: 29/120, d1: 0.964, d2: 0.977, d3: 0.978
[2025-12-05 17:43:31,678][    INFO] ===========> Epoch: 29/120, abs_rel: 0.221, sq_rel: 0.321, rmse: 0.568, rmse_log: 0.147, log10: 0.046, silog: 0.134

[2025-12-05 17:43:32,672][    INFO] Iter: 0/35, LR: 0.0000039, Loss: 0.064
[2025-12-05 17:43:56,832][    INFO] Validate
[2025-12-05 17:43:58,684][    INFO] ==================================================================================================
[2025-12-05 17:43:58,684][    INFO]       d1,       d2,       d3,  abs_rel,   sq_rel,     rmse, rmse_log,    log10,    silog
[2025-12-05 17:43:58,684][    INFO]   18.791,   19.225,   19.542,    4.548,    6.927,   11.018,    3.107,    0.953,    2.867
[2025-12-05 17:43:58,684][    INFO] ==================================================================================================
[2025-12-05 17:43:59,099][    INFO] ===========> Epoch: 30/120, d1: 0.964, d2: 0.977, d3: 0.978
[2025-12-05 17:43:59,099][    INFO] ===========> Epoch: 30/120, abs_rel: 0.221, sq_rel: 0.321, rmse: 0.551, rmse_log: 0.147, log10: 0.046, silog: 0.134

[2025-12-05 17:44:00,092][    INFO] Iter: 0/35, LR: 0.0000039, Loss: 0.062
[2025-12-05 17:44:24,131][    INFO] Validate
[2025-12-05 17:44:25,982][    INFO] ==================================================================================================
[2025-12-05 17:44:25,982][    INFO]       d1,       d2,       d3,  abs_rel,   sq_rel,     rmse, rmse_log,    log10,    silog
[2025-12-05 17:44:25,982][    INFO]   19.272,   19.531,   19.543,    5.584,   10.866,   12.044,    3.107,    0.982,    2.789
[2025-12-05 17:44:25,982][    INFO] ==================================================================================================
[2025-12-05 17:44:26,434][    INFO] ===========> Epoch: 31/120, d1: 0.964, d2: 0.977, d3: 0.978
[2025-12-05 17:44:26,435][    INFO] ===========> Epoch: 31/120, abs_rel: 0.221, sq_rel: 0.321, rmse: 0.551, rmse_log: 0.147, log10: 0.046, silog: 0.134

[2025-12-05 17:44:27,423][    INFO] Iter: 0/35, LR: 0.0000038, Loss: 0.066
[2025-12-05 17:44:51,361][    INFO] Validate
[2025-12-05 17:44:53,192][    INFO] ==================================================================================================
[2025-12-05 17:44:53,192][    INFO]       d1,       d2,       d3,  abs_rel,   sq_rel,     rmse, rmse_log,    log10,    silog
[2025-12-05 17:44:53,192][    INFO]   19.191,   19.531,   19.543,    5.964,   12.000,   12.310,    3.236,    1.047,    2.856
[2025-12-05 17:44:53,192][    INFO] ==================================================================================================
[2025-12-05 17:44:53,633][    INFO] ===========> Epoch: 32/120, d1: 0.964, d2: 0.977, d3: 0.978
[2025-12-05 17:44:53,633][    INFO] ===========> Epoch: 32/120, abs_rel: 0.221, sq_rel: 0.321, rmse: 0.551, rmse_log: 0.147, log10: 0.046, silog: 0.134

[2025-12-05 17:44:54,619][    INFO] Iter: 0/35, LR: 0.0000038, Loss: 0.061
[2025-12-05 17:45:18,435][    INFO] Validate
[2025-12-05 17:45:20,246][    INFO] ==================================================================================================
[2025-12-05 17:45:20,246][    INFO]       d1,       d2,       d3,  abs_rel,   sq_rel,     rmse, rmse_log,    log10,    silog
[2025-12-05 17:45:20,246][    INFO]   18.812,   19.523,   19.551,    4.623,    6.815,   11.967,    3.102,    0.983,    2.816
[2025-12-05 17:45:20,246][    INFO] ==================================================================================================
[2025-12-05 17:45:20,611][    INFO] ===========> Epoch: 33/120, d1: 0.964, d2: 0.977, d3: 0.978
[2025-12-05 17:45:20,611][    INFO] ===========> Epoch: 33/120, abs_rel: 0.221, sq_rel: 0.321, rmse: 0.551, rmse_log: 0.147, log10: 0.046, silog: 0.134

[2025-12-05 17:45:21,592][    INFO] Iter: 0/35, LR: 0.0000037, Loss: 0.073
[2025-12-05 17:45:45,537][    INFO] Validate
[2025-12-05 17:45:47,398][    INFO] ==================================================================================================
[2025-12-05 17:45:47,398][    INFO]       d1,       d2,       d3,  abs_rel,   sq_rel,     rmse, rmse_log,    log10,    silog
[2025-12-05 17:45:47,398][    INFO]   18.946,   19.522,   19.549,    5.035,    8.281,   11.749,    3.159,    1.030,    2.800
[2025-12-05 17:45:47,398][    INFO] ==================================================================================================
[2025-12-05 17:45:47,824][    INFO] ===========> Epoch: 34/120, d1: 0.964, d2: 0.977, d3: 0.978
[2025-12-05 17:45:47,824][    INFO] ===========> Epoch: 34/120, abs_rel: 0.221, sq_rel: 0.321, rmse: 0.551, rmse_log: 0.147, log10: 0.046, silog: 0.134

[2025-12-05 17:45:48,815][    INFO] Iter: 0/35, LR: 0.0000037, Loss: 0.098
[2025-12-05 17:46:12,907][    INFO] Validate
[2025-12-05 17:46:14,758][    INFO] ==================================================================================================
[2025-12-05 17:46:14,758][    INFO]       d1,       d2,       d3,  abs_rel,   sq_rel,     rmse, rmse_log,    log10,    silog
[2025-12-05 17:46:14,758][    INFO]   19.016,   19.527,   19.549,    4.930,    8.341,   10.855,    2.990,    0.940,    2.705
[2025-12-05 17:46:14,758][    INFO] ==================================================================================================
[2025-12-05 17:46:15,224][    INFO] ===========> Epoch: 35/120, d1: 0.964, d2: 0.977, d3: 0.978
[2025-12-05 17:46:15,224][    INFO] ===========> Epoch: 35/120, abs_rel: 0.221, sq_rel: 0.321, rmse: 0.543, rmse_log: 0.147, log10: 0.046, silog: 0.134

[2025-12-05 17:46:16,215][    INFO] Iter: 0/35, LR: 0.0000037, Loss: 0.073
[2025-12-05 17:46:40,401][    INFO] Validate
[2025-12-05 17:46:42,252][    INFO] ==================================================================================================
[2025-12-05 17:46:42,252][    INFO]       d1,       d2,       d3,  abs_rel,   sq_rel,     rmse, rmse_log,    log10,    silog
[2025-12-05 17:46:42,253][    INFO]   18.908,   19.501,   19.549,    4.444,    6.764,   10.128,    2.899,    0.885,    2.668
[2025-12-05 17:46:42,253][    INFO] ==================================================================================================
[2025-12-05 17:46:42,698][    INFO] ===========> Epoch: 36/120, d1: 0.964, d2: 0.977, d3: 0.978
[2025-12-05 17:46:42,698][    INFO] ===========> Epoch: 36/120, abs_rel: 0.221, sq_rel: 0.321, rmse: 0.506, rmse_log: 0.145, log10: 0.044, silog: 0.133

[2025-12-05 17:46:43,700][    INFO] Iter: 0/35, LR: 0.0000036, Loss: 0.060
[2025-12-05 17:47:07,940][    INFO] Validate
[2025-12-05 17:47:09,788][    INFO] ==================================================================================================
[2025-12-05 17:47:09,788][    INFO]       d1,       d2,       d3,  abs_rel,   sq_rel,     rmse, rmse_log,    log10,    silog
[2025-12-05 17:47:09,788][    INFO]   19.363,   19.532,   19.547,    3.973,    5.236,   10.361,    2.680,    0.842,    2.432
[2025-12-05 17:47:09,789][    INFO] ==================================================================================================
[2025-12-05 17:47:10,246][    INFO] ===========> Epoch: 37/120, d1: 0.968, d2: 0.977, d3: 0.978
[2025-12-05 17:47:10,246][    INFO] ===========> Epoch: 37/120, abs_rel: 0.199, sq_rel: 0.262, rmse: 0.506, rmse_log: 0.134, log10: 0.042, silog: 0.122

[2025-12-05 17:47:11,260][    INFO] Iter: 0/35, LR: 0.0000036, Loss: 0.069
[2025-12-05 17:47:35,491][    INFO] Validate
[2025-12-05 17:47:37,337][    INFO] ==================================================================================================
[2025-12-05 17:47:37,337][    INFO]       d1,       d2,       d3,  abs_rel,   sq_rel,     rmse, rmse_log,    log10,    silog
[2025-12-05 17:47:37,337][    INFO]   19.182,   19.532,   19.545,    4.930,    8.104,   10.651,    2.932,    0.926,    2.617
[2025-12-05 17:47:37,338][    INFO] ==================================================================================================
[2025-12-05 17:47:37,735][    INFO] ===========> Epoch: 38/120, d1: 0.968, d2: 0.977, d3: 0.978
[2025-12-05 17:47:37,736][    INFO] ===========> Epoch: 38/120, abs_rel: 0.199, sq_rel: 0.262, rmse: 0.506, rmse_log: 0.134, log10: 0.042, silog: 0.122

[2025-12-05 17:47:38,725][    INFO] Iter: 0/35, LR: 0.0000035, Loss: 0.066
[2025-12-05 17:48:02,940][    INFO] Validate
[2025-12-05 17:48:04,793][    INFO] ==================================================================================================
[2025-12-05 17:48:04,793][    INFO]       d1,       d2,       d3,  abs_rel,   sq_rel,     rmse, rmse_log,    log10,    silog
[2025-12-05 17:48:04,793][    INFO]   19.240,   19.529,   19.547,    4.752,    7.527,   12.204,    3.003,    0.947,    2.754
[2025-12-05 17:48:04,793][    INFO] ==================================================================================================
[2025-12-05 17:48:05,221][    INFO] ===========> Epoch: 39/120, d1: 0.968, d2: 0.977, d3: 0.978
[2025-12-05 17:48:05,221][    INFO] ===========> Epoch: 39/120, abs_rel: 0.199, sq_rel: 0.262, rmse: 0.506, rmse_log: 0.134, log10: 0.042, silog: 0.122

[2025-12-05 17:48:06,186][    INFO] Iter: 0/35, LR: 0.0000035, Loss: 0.072
[2025-12-05 17:48:30,159][    INFO] Validate
[2025-12-05 17:48:32,001][    INFO] ==================================================================================================
[2025-12-05 17:48:32,001][    INFO]       d1,       d2,       d3,  abs_rel,   sq_rel,     rmse, rmse_log,    log10,    silog
[2025-12-05 17:48:32,002][    INFO]   19.133,   19.509,   19.546,    4.719,    7.577,   10.874,    2.949,    0.920,    2.670
[2025-12-05 17:48:32,002][    INFO] ==================================================================================================
[2025-12-05 17:48:32,413][    INFO] ===========> Epoch: 40/120, d1: 0.968, d2: 0.977, d3: 0.978
[2025-12-05 17:48:32,413][    INFO] ===========> Epoch: 40/120, abs_rel: 0.199, sq_rel: 0.262, rmse: 0.506, rmse_log: 0.134, log10: 0.042, silog: 0.122

[2025-12-05 17:48:33,348][    INFO] Iter: 0/35, LR: 0.0000035, Loss: 0.073
[2025-12-05 17:48:57,106][    INFO] Validate
[2025-12-05 17:48:58,941][    INFO] ==================================================================================================
[2025-12-05 17:48:58,941][    INFO]       d1,       d2,       d3,  abs_rel,   sq_rel,     rmse, rmse_log,    log10,    silog
[2025-12-05 17:48:58,941][    INFO]   19.204,   19.533,   19.547,    4.310,    6.122,   10.468,    2.852,    0.898,    2.570
[2025-12-05 17:48:58,941][    INFO] ==================================================================================================
[2025-12-05 17:48:59,369][    INFO] ===========> Epoch: 41/120, d1: 0.968, d2: 0.977, d3: 0.978
[2025-12-05 17:48:59,369][    INFO] ===========> Epoch: 41/120, abs_rel: 0.199, sq_rel: 0.262, rmse: 0.506, rmse_log: 0.134, log10: 0.042, silog: 0.122

[2025-12-05 17:49:00,346][    INFO] Iter: 0/35, LR: 0.0000034, Loss: 0.077
[2025-12-05 17:49:24,137][    INFO] Validate
[2025-12-05 17:49:25,980][    INFO] ==================================================================================================
[2025-12-05 17:49:25,980][    INFO]       d1,       d2,       d3,  abs_rel,   sq_rel,     rmse, rmse_log,    log10,    silog
[2025-12-05 17:49:25,980][    INFO]   19.033,   19.535,   19.549,    4.198,    5.790,   10.015,    2.827,    0.893,    2.578
[2025-12-05 17:49:25,980][    INFO] ==================================================================================================
[2025-12-05 17:49:26,414][    INFO] ===========> Epoch: 42/120, d1: 0.968, d2: 0.977, d3: 0.978
[2025-12-05 17:49:26,414][    INFO] ===========> Epoch: 42/120, abs_rel: 0.199, sq_rel: 0.262, rmse: 0.501, rmse_log: 0.134, log10: 0.042, silog: 0.122

[2025-12-05 17:49:27,331][    INFO] Iter: 0/35, LR: 0.0000034, Loss: 0.066
[2025-12-05 17:49:51,243][    INFO] Validate
[2025-12-05 17:49:53,075][    INFO] ==================================================================================================
[2025-12-05 17:49:53,075][    INFO]       d1,       d2,       d3,  abs_rel,   sq_rel,     rmse, rmse_log,    log10,    silog
[2025-12-05 17:49:53,075][    INFO]   19.343,   19.535,   19.546,    4.639,    7.241,   10.518,    2.871,    0.920,    2.569
[2025-12-05 17:49:53,075][    INFO] ==================================================================================================
[2025-12-05 17:49:53,559][    INFO] ===========> Epoch: 43/120, d1: 0.968, d2: 0.977, d3: 0.978
[2025-12-05 17:49:53,559][    INFO] ===========> Epoch: 43/120, abs_rel: 0.199, sq_rel: 0.262, rmse: 0.501, rmse_log: 0.134, log10: 0.042, silog: 0.122

[2025-12-05 17:49:54,547][    INFO] Iter: 0/35, LR: 0.0000034, Loss: 0.074
[2025-12-05 17:50:18,817][    INFO] Validate
[2025-12-05 17:50:20,713][    INFO] ==================================================================================================
[2025-12-05 17:50:20,713][    INFO]       d1,       d2,       d3,  abs_rel,   sq_rel,     rmse, rmse_log,    log10,    silog
[2025-12-05 17:50:20,714][    INFO]   19.099,   19.487,   19.549,    3.923,    5.159,    9.954,    2.747,    0.842,    2.524
[2025-12-05 17:50:20,714][    INFO] ==================================================================================================
[2025-12-05 17:50:21,173][    INFO] ===========> Epoch: 44/120, d1: 0.968, d2: 0.977, d3: 0.978
[2025-12-05 17:50:21,174][    INFO] ===========> Epoch: 44/120, abs_rel: 0.196, sq_rel: 0.258, rmse: 0.498, rmse_log: 0.134, log10: 0.042, silog: 0.122

[2025-12-05 17:50:22,151][    INFO] Iter: 0/35, LR: 0.0000033, Loss: 0.061
[2025-12-05 17:50:46,741][    INFO] Validate
[2025-12-05 17:50:48,673][    INFO] ==================================================================================================
[2025-12-05 17:50:48,673][    INFO]       d1,       d2,       d3,  abs_rel,   sq_rel,     rmse, rmse_log,    log10,    silog
[2025-12-05 17:50:48,674][    INFO]   18.938,   19.525,   19.544,    5.050,    7.924,   11.407,    3.157,    1.007,    2.778
[2025-12-05 17:50:48,674][    INFO] ==================================================================================================
[2025-12-05 17:50:49,165][    INFO] ===========> Epoch: 45/120, d1: 0.968, d2: 0.977, d3: 0.978
[2025-12-05 17:50:49,165][    INFO] ===========> Epoch: 45/120, abs_rel: 0.196, sq_rel: 0.258, rmse: 0.498, rmse_log: 0.134, log10: 0.042, silog: 0.122

[2025-12-05 17:50:50,229][    INFO] Iter: 0/35, LR: 0.0000033, Loss: 0.066
[2025-12-05 17:51:14,877][    INFO] Validate
[2025-12-05 17:51:16,797][    INFO] ==================================================================================================
[2025-12-05 17:51:16,797][    INFO]       d1,       d2,       d3,  abs_rel,   sq_rel,     rmse, rmse_log,    log10,    silog
[2025-12-05 17:51:16,797][    INFO]   18.423,   19.267,   19.555,    4.595,    5.769,   11.606,    3.421,    1.149,    3.000
[2025-12-05 17:51:16,797][    INFO] ==================================================================================================
[2025-12-05 17:51:17,257][    INFO] ===========> Epoch: 46/120, d1: 0.968, d2: 0.977, d3: 0.978
[2025-12-05 17:51:17,257][    INFO] ===========> Epoch: 46/120, abs_rel: 0.196, sq_rel: 0.258, rmse: 0.498, rmse_log: 0.134, log10: 0.042, silog: 0.122

[2025-12-05 17:51:18,310][    INFO] Iter: 0/35, LR: 0.0000032, Loss: 0.109
[2025-12-05 17:51:43,081][    INFO] Validate
[2025-12-05 17:51:44,986][    INFO] ==================================================================================================
[2025-12-05 17:51:44,987][    INFO]       d1,       d2,       d3,  abs_rel,   sq_rel,     rmse, rmse_log,    log10,    silog
[2025-12-05 17:51:44,987][    INFO]   19.309,   19.537,   19.551,    4.109,    5.783,    9.665,    2.656,    0.826,    2.411
[2025-12-05 17:51:44,987][    INFO] ==================================================================================================
[2025-12-05 17:51:45,452][    INFO] ===========> Epoch: 47/120, d1: 0.968, d2: 0.977, d3: 0.978
[2025-12-05 17:51:45,452][    INFO] ===========> Epoch: 47/120, abs_rel: 0.196, sq_rel: 0.258, rmse: 0.483, rmse_log: 0.133, log10: 0.041, silog: 0.121

[2025-12-05 17:51:46,448][    INFO] Iter: 0/35, LR: 0.0000032, Loss: 0.071
[2025-12-05 17:52:11,128][    INFO] Validate
[2025-12-05 17:52:13,006][    INFO] ==================================================================================================
[2025-12-05 17:52:13,007][    INFO]       d1,       d2,       d3,  abs_rel,   sq_rel,     rmse, rmse_log,    log10,    silog
[2025-12-05 17:52:13,007][    INFO]   19.248,   19.537,   19.550,    4.140,    6.019,    9.253,    2.618,    0.800,    2.396
[2025-12-05 17:52:13,007][    INFO] ==================================================================================================
[2025-12-05 17:52:13,443][    INFO] ===========> Epoch: 48/120, d1: 0.968, d2: 0.977, d3: 0.978
[2025-12-05 17:52:13,444][    INFO] ===========> Epoch: 48/120, abs_rel: 0.196, sq_rel: 0.258, rmse: 0.463, rmse_log: 0.131, log10: 0.040, silog: 0.120

[2025-12-05 17:52:14,455][    INFO] Iter: 0/35, LR: 0.0000032, Loss: 0.054
[2025-12-05 17:52:39,008][    INFO] Validate
[2025-12-05 17:52:40,868][    INFO] ==================================================================================================
[2025-12-05 17:52:40,868][    INFO]       d1,       d2,       d3,  abs_rel,   sq_rel,     rmse, rmse_log,    log10,    silog
[2025-12-05 17:52:40,869][    INFO]   19.375,   19.535,   19.548,    4.315,    6.454,    9.350,    2.660,    0.826,    2.412
[2025-12-05 17:52:40,869][    INFO] ==================================================================================================
[2025-12-05 17:52:41,251][    INFO] ===========> Epoch: 49/120, d1: 0.969, d2: 0.977, d3: 0.978
[2025-12-05 17:52:41,251][    INFO] ===========> Epoch: 49/120, abs_rel: 0.196, sq_rel: 0.258, rmse: 0.463, rmse_log: 0.131, log10: 0.040, silog: 0.120

[2025-12-05 17:52:42,242][    INFO] Iter: 0/35, LR: 0.0000031, Loss: 0.060
[2025-12-05 17:53:06,645][    INFO] Validate
[2025-12-05 17:53:08,522][    INFO] ==================================================================================================
[2025-12-05 17:53:08,522][    INFO]       d1,       d2,       d3,  abs_rel,   sq_rel,     rmse, rmse_log,    log10,    silog
[2025-12-05 17:53:08,522][    INFO]   19.364,   19.536,   19.549,    3.939,    5.477,    8.922,    2.528,    0.771,    2.309
[2025-12-05 17:53:08,522][    INFO] ==================================================================================================
[2025-12-05 17:53:08,921][    INFO] ===========> Epoch: 50/120, d1: 0.969, d2: 0.977, d3: 0.978
[2025-12-05 17:53:08,921][    INFO] ===========> Epoch: 50/120, abs_rel: 0.196, sq_rel: 0.258, rmse: 0.446, rmse_log: 0.126, log10: 0.039, silog: 0.115

[2025-12-05 17:53:09,896][    INFO] Iter: 0/35, LR: 0.0000031, Loss: 0.061
[2025-12-05 17:53:34,306][    INFO] Validate
[2025-12-05 17:53:36,188][    INFO] ==================================================================================================
[2025-12-05 17:53:36,188][    INFO]       d1,       d2,       d3,  abs_rel,   sq_rel,     rmse, rmse_log,    log10,    silog
[2025-12-05 17:53:36,188][    INFO]   19.310,   19.535,   19.548,    4.076,    5.483,    9.712,    2.714,    0.850,    2.453
[2025-12-05 17:53:36,188][    INFO] ==================================================================================================
[2025-12-05 17:53:36,566][    INFO] ===========> Epoch: 51/120, d1: 0.969, d2: 0.977, d3: 0.978
[2025-12-05 17:53:36,566][    INFO] ===========> Epoch: 51/120, abs_rel: 0.196, sq_rel: 0.258, rmse: 0.446, rmse_log: 0.126, log10: 0.039, silog: 0.115

[2025-12-05 17:53:37,577][    INFO] Iter: 0/35, LR: 0.0000030, Loss: 0.062
[2025-12-05 17:54:02,166][    INFO] Validate
[2025-12-05 17:54:04,062][    INFO] ==================================================================================================
[2025-12-05 17:54:04,062][    INFO]       d1,       d2,       d3,  abs_rel,   sq_rel,     rmse, rmse_log,    log10,    silog
[2025-12-05 17:54:04,063][    INFO]   18.934,   19.175,   19.531,    4.447,    6.350,   10.200,    3.095,    0.959,    2.771
[2025-12-05 17:54:04,063][    INFO] ==================================================================================================
[2025-12-05 17:54:04,500][    INFO] ===========> Epoch: 52/120, d1: 0.969, d2: 0.977, d3: 0.978
[2025-12-05 17:54:04,500][    INFO] ===========> Epoch: 52/120, abs_rel: 0.196, sq_rel: 0.258, rmse: 0.446, rmse_log: 0.126, log10: 0.039, silog: 0.115

[2025-12-05 17:54:05,557][    INFO] Iter: 0/35, LR: 0.0000030, Loss: 0.068
[2025-12-05 17:54:30,420][    INFO] Validate
[2025-12-05 17:54:32,352][    INFO] ==================================================================================================
[2025-12-05 17:54:32,352][    INFO]       d1,       d2,       d3,  abs_rel,   sq_rel,     rmse, rmse_log,    log10,    silog
[2025-12-05 17:54:32,352][    INFO]   18.817,   19.481,   19.542,    3.642,    3.797,   10.162,    2.941,    0.929,    2.625
[2025-12-05 17:54:32,352][    INFO] ==================================================================================================
[2025-12-05 17:54:32,759][    INFO] ===========> Epoch: 53/120, d1: 0.969, d2: 0.977, d3: 0.978
[2025-12-05 17:54:32,759][    INFO] ===========> Epoch: 53/120, abs_rel: 0.182, sq_rel: 0.190, rmse: 0.446, rmse_log: 0.126, log10: 0.039, silog: 0.115

[2025-12-05 17:54:33,801][    INFO] Iter: 0/35, LR: 0.0000030, Loss: 0.065
[2025-12-05 17:54:58,734][    INFO] Validate
[2025-12-05 17:55:00,653][    INFO] ==================================================================================================
[2025-12-05 17:55:00,653][    INFO]       d1,       d2,       d3,  abs_rel,   sq_rel,     rmse, rmse_log,    log10,    silog
[2025-12-05 17:55:00,654][    INFO]   19.334,   19.535,   19.548,    4.292,    6.430,    9.427,    2.653,    0.822,    2.413
[2025-12-05 17:55:00,654][    INFO] ==================================================================================================
[2025-12-05 17:55:01,110][    INFO] ===========> Epoch: 54/120, d1: 0.969, d2: 0.977, d3: 0.978
[2025-12-05 17:55:01,110][    INFO] ===========> Epoch: 54/120, abs_rel: 0.182, sq_rel: 0.190, rmse: 0.446, rmse_log: 0.126, log10: 0.039, silog: 0.115

[2025-12-05 17:55:02,163][    INFO] Iter: 0/35, LR: 0.0000029, Loss: 0.057
[2025-12-05 17:55:27,034][    INFO] Validate
[2025-12-05 17:55:28,971][    INFO] ==================================================================================================
[2025-12-05 17:55:28,971][    INFO]       d1,       d2,       d3,  abs_rel,   sq_rel,     rmse, rmse_log,    log10,    silog
[2025-12-05 17:55:28,972][    INFO]   19.337,   19.534,   19.547,    4.331,    6.626,    9.725,    2.657,    0.819,    2.412
[2025-12-05 17:55:28,972][    INFO] ==================================================================================================
[2025-12-05 17:55:29,384][    INFO] ===========> Epoch: 55/120, d1: 0.969, d2: 0.977, d3: 0.978
[2025-12-05 17:55:29,385][    INFO] ===========> Epoch: 55/120, abs_rel: 0.182, sq_rel: 0.190, rmse: 0.446, rmse_log: 0.126, log10: 0.039, silog: 0.115

[2025-12-05 17:55:30,428][    INFO] Iter: 0/35, LR: 0.0000029, Loss: 0.054
[2025-12-05 17:55:55,450][    INFO] Validate
[2025-12-05 17:55:57,371][    INFO] ==================================================================================================
[2025-12-05 17:55:57,371][    INFO]       d1,       d2,       d3,  abs_rel,   sq_rel,     rmse, rmse_log,    log10,    silog
[2025-12-05 17:55:57,371][    INFO]   19.425,   19.535,   19.548,    4.379,    6.827,    9.380,    2.626,    0.823,    2.357
[2025-12-05 17:55:57,371][    INFO] ==================================================================================================
[2025-12-05 17:55:57,780][    INFO] ===========> Epoch: 56/120, d1: 0.971, d2: 0.977, d3: 0.978
[2025-12-05 17:55:57,780][    INFO] ===========> Epoch: 56/120, abs_rel: 0.182, sq_rel: 0.190, rmse: 0.446, rmse_log: 0.126, log10: 0.039, silog: 0.115

[2025-12-05 17:55:58,761][    INFO] Iter: 0/35, LR: 0.0000028, Loss: 0.063
[2025-12-05 17:56:24,009][    INFO] Validate
[2025-12-05 17:56:25,969][    INFO] ==================================================================================================
[2025-12-05 17:56:25,970][    INFO]       d1,       d2,       d3,  abs_rel,   sq_rel,     rmse, rmse_log,    log10,    silog
[2025-12-05 17:56:25,970][    INFO]   19.364,   19.536,   19.551,    4.066,    5.435,   10.703,    2.693,    0.867,    2.375
[2025-12-05 17:56:25,970][    INFO] ==================================================================================================
[2025-12-05 17:56:26,363][    INFO] ===========> Epoch: 57/120, d1: 0.971, d2: 0.977, d3: 0.978
[2025-12-05 17:56:26,363][    INFO] ===========> Epoch: 57/120, abs_rel: 0.182, sq_rel: 0.190, rmse: 0.446, rmse_log: 0.126, log10: 0.039, silog: 0.115

[2025-12-05 17:56:27,424][    INFO] Iter: 0/35, LR: 0.0000028, Loss: 0.064
[2025-12-05 17:56:52,672][    INFO] Validate
[2025-12-05 17:56:54,574][    INFO] ==================================================================================================
[2025-12-05 17:56:54,574][    INFO]       d1,       d2,       d3,  abs_rel,   sq_rel,     rmse, rmse_log,    log10,    silog
[2025-12-05 17:56:54,575][    INFO]   19.009,   19.536,   19.550,    4.056,    5.181,   10.240,    2.821,    0.903,    2.493
[2025-12-05 17:56:54,575][    INFO] ==================================================================================================
[2025-12-05 17:56:54,953][    INFO] ===========> Epoch: 58/120, d1: 0.971, d2: 0.977, d3: 0.978
[2025-12-05 17:56:54,953][    INFO] ===========> Epoch: 58/120, abs_rel: 0.182, sq_rel: 0.190, rmse: 0.446, rmse_log: 0.126, log10: 0.039, silog: 0.115

[2025-12-05 17:56:55,955][    INFO] Iter: 0/35, LR: 0.0000028, Loss: 0.068
[2025-12-05 17:57:20,982][    INFO] Validate
[2025-12-05 17:57:22,905][    INFO] ==================================================================================================
[2025-12-05 17:57:22,905][    INFO]       d1,       d2,       d3,  abs_rel,   sq_rel,     rmse, rmse_log,    log10,    silog
[2025-12-05 17:57:22,905][    INFO]   19.430,   19.533,   19.546,    4.526,    7.425,    9.696,    2.635,    0.820,    2.377
[2025-12-05 17:57:22,905][    INFO] ==================================================================================================
[2025-12-05 17:57:23,390][    INFO] ===========> Epoch: 59/120, d1: 0.971, d2: 0.977, d3: 0.978
[2025-12-05 17:57:23,390][    INFO] ===========> Epoch: 59/120, abs_rel: 0.182, sq_rel: 0.190, rmse: 0.446, rmse_log: 0.126, log10: 0.039, silog: 0.115

[2025-12-05 17:57:24,411][    INFO] Iter: 0/35, LR: 0.0000027, Loss: 0.058
[2025-12-05 17:57:49,403][    INFO] Validate
[2025-12-05 17:57:51,309][    INFO] ==================================================================================================
[2025-12-05 17:57:51,309][    INFO]       d1,       d2,       d3,  abs_rel,   sq_rel,     rmse, rmse_log,    log10,    silog
[2025-12-05 17:57:51,309][    INFO]   19.412,   19.534,   19.547,    4.418,    6.987,    9.205,    2.603,    0.806,    2.359
[2025-12-05 17:57:51,309][    INFO] ==================================================================================================
[2025-12-05 17:57:51,716][    INFO] ===========> Epoch: 60/120, d1: 0.971, d2: 0.977, d3: 0.978
[2025-12-05 17:57:51,717][    INFO] ===========> Epoch: 60/120, abs_rel: 0.182, sq_rel: 0.190, rmse: 0.446, rmse_log: 0.126, log10: 0.039, silog: 0.115

[2025-12-05 17:57:52,742][    INFO] Iter: 0/35, LR: 0.0000027, Loss: 0.055
[2025-12-05 17:58:17,619][    INFO] Validate
[2025-12-05 17:58:19,530][    INFO] ==================================================================================================
[2025-12-05 17:58:19,530][    INFO]       d1,       d2,       d3,  abs_rel,   sq_rel,     rmse, rmse_log,    log10,    silog
[2025-12-05 17:58:19,531][    INFO]   19.438,   19.536,   19.548,    4.169,    6.150,    9.199,    2.534,    0.791,    2.285
[2025-12-05 17:58:19,531][    INFO] ==================================================================================================
[2025-12-05 17:58:19,960][    INFO] ===========> Epoch: 61/120, d1: 0.972, d2: 0.977, d3: 0.978
[2025-12-05 17:58:19,961][    INFO] ===========> Epoch: 61/120, abs_rel: 0.182, sq_rel: 0.190, rmse: 0.446, rmse_log: 0.126, log10: 0.039, silog: 0.114

[2025-12-05 17:58:20,984][    INFO] Iter: 0/35, LR: 0.0000026, Loss: 0.051
[2025-12-05 17:58:46,015][    INFO] Validate
[2025-12-05 17:58:47,907][    INFO] ==================================================================================================
[2025-12-05 17:58:47,907][    INFO]       d1,       d2,       d3,  abs_rel,   sq_rel,     rmse, rmse_log,    log10,    silog
[2025-12-05 17:58:47,907][    INFO]   19.223,   19.527,   19.549,    3.972,    5.279,    9.244,    2.684,    0.832,    2.432
[2025-12-05 17:58:47,907][    INFO] ==================================================================================================
[2025-12-05 17:58:48,294][    INFO] ===========> Epoch: 62/120, d1: 0.972, d2: 0.977, d3: 0.978
[2025-12-05 17:58:48,294][    INFO] ===========> Epoch: 62/120, abs_rel: 0.182, sq_rel: 0.190, rmse: 0.446, rmse_log: 0.126, log10: 0.039, silog: 0.114

[2025-12-05 17:58:49,302][    INFO] Iter: 0/35, LR: 0.0000026, Loss: 0.064
[2025-12-05 17:59:13,852][    INFO] Validate
[2025-12-05 17:59:15,710][    INFO] ==================================================================================================
[2025-12-05 17:59:15,710][    INFO]       d1,       d2,       d3,  abs_rel,   sq_rel,     rmse, rmse_log,    log10,    silog
[2025-12-05 17:59:15,710][    INFO]   19.020,   19.537,   19.550,    3.947,    4.675,    9.928,    2.840,    0.923,    2.518
[2025-12-05 17:59:15,710][    INFO] ==================================================================================================
[2025-12-05 17:59:16,082][    INFO] ===========> Epoch: 63/120, d1: 0.972, d2: 0.977, d3: 0.978
[2025-12-05 17:59:16,082][    INFO] ===========> Epoch: 63/120, abs_rel: 0.182, sq_rel: 0.190, rmse: 0.446, rmse_log: 0.126, log10: 0.039, silog: 0.114

[2025-12-05 17:59:17,044][    INFO] Iter: 0/35, LR: 0.0000026, Loss: 0.066
[2025-12-05 17:59:41,331][    INFO] Validate
[2025-12-05 17:59:43,215][    INFO] ==================================================================================================
[2025-12-05 17:59:43,216][    INFO]       d1,       d2,       d3,  abs_rel,   sq_rel,     rmse, rmse_log,    log10,    silog
[2025-12-05 17:59:43,216][    INFO]   19.285,   19.510,   19.548,    4.105,    5.586,    9.817,    2.720,    0.856,    2.457
[2025-12-05 17:59:43,216][    INFO] ==================================================================================================
[2025-12-05 17:59:43,654][    INFO] ===========> Epoch: 64/120, d1: 0.972, d2: 0.977, d3: 0.978
[2025-12-05 17:59:43,654][    INFO] ===========> Epoch: 64/120, abs_rel: 0.182, sq_rel: 0.190, rmse: 0.446, rmse_log: 0.126, log10: 0.039, silog: 0.114

[2025-12-05 17:59:44,669][    INFO] Iter: 0/35, LR: 0.0000025, Loss: 0.054
[2025-12-05 18:00:09,086][    INFO] Validate
[2025-12-05 18:00:10,995][    INFO] ==================================================================================================
[2025-12-05 18:00:10,995][    INFO]       d1,       d2,       d3,  abs_rel,   sq_rel,     rmse, rmse_log,    log10,    silog
[2025-12-05 18:00:10,996][    INFO]   19.222,   19.535,   19.547,    4.348,    6.498,    9.166,    2.672,    0.828,    2.407
[2025-12-05 18:00:10,996][    INFO] ==================================================================================================
[2025-12-05 18:00:11,478][    INFO] ===========> Epoch: 65/120, d1: 0.972, d2: 0.977, d3: 0.978
[2025-12-05 18:00:11,478][    INFO] ===========> Epoch: 65/120, abs_rel: 0.182, sq_rel: 0.190, rmse: 0.446, rmse_log: 0.126, log10: 0.039, silog: 0.114

[2025-12-05 18:00:12,498][    INFO] Iter: 0/35, LR: 0.0000025, Loss: 0.060
[2025-12-05 18:00:37,234][    INFO] Validate
[2025-12-05 18:00:39,127][    INFO] ==================================================================================================
[2025-12-05 18:00:39,127][    INFO]       d1,       d2,       d3,  abs_rel,   sq_rel,     rmse, rmse_log,    log10,    silog
[2025-12-05 18:00:39,128][    INFO]   19.228,   19.529,   19.553,    4.000,    5.139,    9.463,    2.714,    0.860,    2.452
[2025-12-05 18:00:39,128][    INFO] ==================================================================================================
[2025-12-05 18:00:39,584][    INFO] ===========> Epoch: 66/120, d1: 0.972, d2: 0.977, d3: 0.978
[2025-12-05 18:00:39,584][    INFO] ===========> Epoch: 66/120, abs_rel: 0.182, sq_rel: 0.190, rmse: 0.446, rmse_log: 0.126, log10: 0.039, silog: 0.114

[2025-12-05 18:00:40,570][    INFO] Iter: 0/35, LR: 0.0000024, Loss: 0.061
[2025-12-05 18:01:05,322][    INFO] Validate
[2025-12-05 18:01:07,211][    INFO] ==================================================================================================
[2025-12-05 18:01:07,212][    INFO]       d1,       d2,       d3,  abs_rel,   sq_rel,     rmse, rmse_log,    log10,    silog
[2025-12-05 18:01:07,212][    INFO]   19.431,   19.534,   19.547,    4.267,    6.695,    8.681,    2.525,    0.772,    2.283
[2025-12-05 18:01:07,212][    INFO] ==================================================================================================
[2025-12-05 18:01:07,667][    INFO] ===========> Epoch: 67/120, d1: 0.972, d2: 0.977, d3: 0.978
[2025-12-05 18:01:07,667][    INFO] ===========> Epoch: 67/120, abs_rel: 0.182, sq_rel: 0.190, rmse: 0.434, rmse_log: 0.126, log10: 0.039, silog: 0.114

[2025-12-05 18:01:08,669][    INFO] Iter: 0/35, LR: 0.0000024, Loss: 0.046
[2025-12-05 18:01:33,366][    INFO] Validate
[2025-12-05 18:01:35,270][    INFO] ==================================================================================================
[2025-12-05 18:01:35,271][    INFO]       d1,       d2,       d3,  abs_rel,   sq_rel,     rmse, rmse_log,    log10,    silog
[2025-12-05 18:01:35,271][    INFO]   19.360,   19.537,   19.551,    3.869,    5.137,    8.747,    2.532,    0.785,    2.288
[2025-12-05 18:01:35,271][    INFO] ==================================================================================================
[2025-12-05 18:01:35,744][    INFO] ===========> Epoch: 68/120, d1: 0.972, d2: 0.977, d3: 0.978
[2025-12-05 18:01:35,744][    INFO] ===========> Epoch: 68/120, abs_rel: 0.182, sq_rel: 0.190, rmse: 0.434, rmse_log: 0.126, log10: 0.039, silog: 0.114

[2025-12-05 18:01:36,820][    INFO] Iter: 0/35, LR: 0.0000024, Loss: 0.055
[2025-12-05 18:02:01,716][    INFO] Validate
[2025-12-05 18:02:03,625][    INFO] ==================================================================================================
[2025-12-05 18:02:03,625][    INFO]       d1,       d2,       d3,  abs_rel,   sq_rel,     rmse, rmse_log,    log10,    silog
[2025-12-05 18:02:03,625][    INFO]   19.361,   19.536,   19.547,    4.297,    6.522,    8.676,    2.634,    0.820,    2.378
[2025-12-05 18:02:03,625][    INFO] ==================================================================================================
[2025-12-05 18:02:04,121][    INFO] ===========> Epoch: 69/120, d1: 0.972, d2: 0.977, d3: 0.978
[2025-12-05 18:02:04,121][    INFO] ===========> Epoch: 69/120, abs_rel: 0.182, sq_rel: 0.190, rmse: 0.434, rmse_log: 0.126, log10: 0.039, silog: 0.114

[2025-12-05 18:02:05,132][    INFO] Iter: 0/35, LR: 0.0000023, Loss: 0.056
[2025-12-05 18:02:30,108][    INFO] Validate
[2025-12-05 18:02:32,016][    INFO] ==================================================================================================
[2025-12-05 18:02:32,016][    INFO]       d1,       d2,       d3,  abs_rel,   sq_rel,     rmse, rmse_log,    log10,    silog
[2025-12-05 18:02:32,016][    INFO]   19.422,   19.534,   19.547,    4.013,    5.967,    8.322,    2.435,    0.742,    2.217
[2025-12-05 18:02:32,016][    INFO] ==================================================================================================
[2025-12-05 18:02:32,462][    INFO] ===========> Epoch: 70/120, d1: 0.972, d2: 0.977, d3: 0.978
[2025-12-05 18:02:32,462][    INFO] ===========> Epoch: 70/120, abs_rel: 0.182, sq_rel: 0.190, rmse: 0.416, rmse_log: 0.122, log10: 0.037, silog: 0.111

[2025-12-05 18:02:33,472][    INFO] Iter: 0/35, LR: 0.0000023, Loss: 0.053
[2025-12-05 18:02:58,538][    INFO] Validate
[2025-12-05 18:03:00,460][    INFO] ==================================================================================================
[2025-12-05 18:03:00,460][    INFO]       d1,       d2,       d3,  abs_rel,   sq_rel,     rmse, rmse_log,    log10,    silog
[2025-12-05 18:03:00,461][    INFO]   19.157,   19.528,   19.542,    5.824,    9.616,   14.986,    3.451,    1.218,    2.847
[2025-12-05 18:03:00,461][    INFO] ==================================================================================================
[2025-12-05 18:03:00,918][    INFO] ===========> Epoch: 71/120, d1: 0.972, d2: 0.977, d3: 0.978
[2025-12-05 18:03:00,918][    INFO] ===========> Epoch: 71/120, abs_rel: 0.182, sq_rel: 0.190, rmse: 0.416, rmse_log: 0.122, log10: 0.037, silog: 0.111

[2025-12-05 18:03:02,008][    INFO] Iter: 0/35, LR: 0.0000022, Loss: 0.107
[2025-12-05 18:03:27,095][    INFO] Validate
[2025-12-05 18:03:29,019][    INFO] ==================================================================================================
[2025-12-05 18:03:29,020][    INFO]       d1,       d2,       d3,  abs_rel,   sq_rel,     rmse, rmse_log,    log10,    silog
[2025-12-05 18:03:29,020][    INFO]   18.324,   19.480,   19.542,    6.000,    9.666,   13.526,    3.609,    1.270,    2.979
[2025-12-05 18:03:29,020][    INFO] ==================================================================================================
[2025-12-05 18:03:29,500][    INFO] ===========> Epoch: 72/120, d1: 0.972, d2: 0.977, d3: 0.978
[2025-12-05 18:03:29,500][    INFO] ===========> Epoch: 72/120, abs_rel: 0.182, sq_rel: 0.190, rmse: 0.416, rmse_log: 0.122, log10: 0.037, silog: 0.111

[2025-12-05 18:03:30,554][    INFO] Iter: 0/35, LR: 0.0000022, Loss: 0.107
[2025-12-05 18:03:55,483][    INFO] Validate
[2025-12-05 18:03:57,398][    INFO] ==================================================================================================
[2025-12-05 18:03:57,398][    INFO]       d1,       d2,       d3,  abs_rel,   sq_rel,     rmse, rmse_log,    log10,    silog
[2025-12-05 18:03:57,398][    INFO]   18.577,   19.507,   19.541,    6.167,   10.484,   13.657,    3.647,    1.274,    3.020
[2025-12-05 18:03:57,398][    INFO] ==================================================================================================
[2025-12-05 18:03:57,842][    INFO] ===========> Epoch: 73/120, d1: 0.972, d2: 0.977, d3: 0.978
[2025-12-05 18:03:57,842][    INFO] ===========> Epoch: 73/120, abs_rel: 0.182, sq_rel: 0.190, rmse: 0.416, rmse_log: 0.122, log10: 0.037, silog: 0.111

[2025-12-05 18:03:58,857][    INFO] Iter: 0/35, LR: 0.0000022, Loss: 0.098
[2025-12-05 18:04:23,402][    INFO] Validate
[2025-12-05 18:04:25,261][    INFO] ==================================================================================================
[2025-12-05 18:04:25,262][    INFO]       d1,       d2,       d3,  abs_rel,   sq_rel,     rmse, rmse_log,    log10,    silog
[2025-12-05 18:04:25,262][    INFO]   18.834,   19.527,   19.544,    5.541,    8.276,   13.125,    3.425,    1.198,    2.844
[2025-12-05 18:04:25,262][    INFO] ==================================================================================================
[2025-12-05 18:04:25,704][    INFO] ===========> Epoch: 74/120, d1: 0.972, d2: 0.977, d3: 0.978
[2025-12-05 18:04:25,704][    INFO] ===========> Epoch: 74/120, abs_rel: 0.182, sq_rel: 0.190, rmse: 0.416, rmse_log: 0.122, log10: 0.037, silog: 0.111

[2025-12-05 18:04:26,680][    INFO] Iter: 0/35, LR: 0.0000021, Loss: 0.091
[2025-12-05 18:04:51,073][    INFO] Validate
[2025-12-05 18:04:52,932][    INFO] ==================================================================================================
[2025-12-05 18:04:52,932][    INFO]       d1,       d2,       d3,  abs_rel,   sq_rel,     rmse, rmse_log,    log10,    silog
[2025-12-05 18:04:52,932][    INFO]   19.207,   19.532,   19.546,    5.196,    7.979,   12.648,    3.167,    1.073,    2.685
[2025-12-05 18:04:52,932][    INFO] ==================================================================================================
[2025-12-05 18:04:53,376][    INFO] ===========> Epoch: 75/120, d1: 0.972, d2: 0.977, d3: 0.978
[2025-12-05 18:04:53,377][    INFO] ===========> Epoch: 75/120, abs_rel: 0.182, sq_rel: 0.190, rmse: 0.416, rmse_log: 0.122, log10: 0.037, silog: 0.111

[2025-12-05 18:04:54,369][    INFO] Iter: 0/35, LR: 0.0000021, Loss: 0.076
[2025-12-05 18:05:18,673][    INFO] Validate
[2025-12-05 18:05:20,531][    INFO] ==================================================================================================
[2025-12-05 18:05:20,531][    INFO]       d1,       d2,       d3,  abs_rel,   sq_rel,     rmse, rmse_log,    log10,    silog
[2025-12-05 18:05:20,532][    INFO]   19.389,   19.532,   19.546,    4.626,    6.950,   10.569,    2.810,    0.910,    2.451
[2025-12-05 18:05:20,532][    INFO] ==================================================================================================
[2025-12-05 18:05:20,974][    INFO] ===========> Epoch: 76/120, d1: 0.972, d2: 0.977, d3: 0.978
[2025-12-05 18:05:20,974][    INFO] ===========> Epoch: 76/120, abs_rel: 0.182, sq_rel: 0.190, rmse: 0.416, rmse_log: 0.122, log10: 0.037, silog: 0.111

[2025-12-05 18:05:21,963][    INFO] Iter: 0/35, LR: 0.0000020, Loss: 0.055
[2025-12-05 18:05:46,209][    INFO] Validate
[2025-12-05 18:05:48,098][    INFO] ==================================================================================================
[2025-12-05 18:05:48,099][    INFO]       d1,       d2,       d3,  abs_rel,   sq_rel,     rmse, rmse_log,    log10,    silog
[2025-12-05 18:05:48,099][    INFO]   19.319,   19.531,   19.543,    5.022,    7.748,   11.422,    2.989,    1.013,    2.543
[2025-12-05 18:05:48,099][    INFO] ==================================================================================================
[2025-12-05 18:05:48,570][    INFO] ===========> Epoch: 77/120, d1: 0.972, d2: 0.977, d3: 0.978
[2025-12-05 18:05:48,570][    INFO] ===========> Epoch: 77/120, abs_rel: 0.182, sq_rel: 0.190, rmse: 0.416, rmse_log: 0.122, log10: 0.037, silog: 0.111

[2025-12-05 18:05:49,606][    INFO] Iter: 0/35, LR: 0.0000020, Loss: 0.064
[2025-12-05 18:06:14,095][    INFO] Validate
[2025-12-05 18:06:15,995][    INFO] ==================================================================================================
[2025-12-05 18:06:15,995][    INFO]       d1,       d2,       d3,  abs_rel,   sq_rel,     rmse, rmse_log,    log10,    silog
[2025-12-05 18:06:15,995][    INFO]   19.369,   19.531,   19.543,    5.009,    7.994,   10.984,    2.919,    0.979,    2.502
[2025-12-05 18:06:15,995][    INFO] ==================================================================================================
[2025-12-05 18:06:16,470][    INFO] ===========> Epoch: 78/120, d1: 0.972, d2: 0.977, d3: 0.978
[2025-12-05 18:06:16,470][    INFO] ===========> Epoch: 78/120, abs_rel: 0.182, sq_rel: 0.190, rmse: 0.416, rmse_log: 0.122, log10: 0.037, silog: 0.111

[2025-12-05 18:06:17,479][    INFO] Iter: 0/35, LR: 0.0000019, Loss: 0.076
[2025-12-05 18:06:42,160][    INFO] Validate
[2025-12-05 18:06:44,061][    INFO] ==================================================================================================
[2025-12-05 18:06:44,061][    INFO]       d1,       d2,       d3,  abs_rel,   sq_rel,     rmse, rmse_log,    log10,    silog
[2025-12-05 18:06:44,062][    INFO]   19.376,   19.532,   19.544,    4.958,    7.729,   11.841,    2.946,    0.990,    2.537
[2025-12-05 18:06:44,062][    INFO] ==================================================================================================
[2025-12-05 18:06:44,514][    INFO] ===========> Epoch: 79/120, d1: 0.972, d2: 0.977, d3: 0.978
[2025-12-05 18:06:44,514][    INFO] ===========> Epoch: 79/120, abs_rel: 0.182, sq_rel: 0.190, rmse: 0.416, rmse_log: 0.122, log10: 0.037, silog: 0.111

[2025-12-05 18:06:45,536][    INFO] Iter: 0/35, LR: 0.0000019, Loss: 0.063
[2025-12-05 18:07:10,246][    INFO] Validate
[2025-12-05 18:07:12,142][    INFO] ==================================================================================================
[2025-12-05 18:07:12,142][    INFO]       d1,       d2,       d3,  abs_rel,   sq_rel,     rmse, rmse_log,    log10,    silog
[2025-12-05 18:07:12,143][    INFO]   19.376,   19.532,   19.545,    4.694,    6.905,   10.891,    2.846,    0.951,    2.459
[2025-12-05 18:07:12,143][    INFO] ==================================================================================================
[2025-12-05 18:07:12,583][    INFO] ===========> Epoch: 80/120, d1: 0.972, d2: 0.977, d3: 0.978
[2025-12-05 18:07:12,583][    INFO] ===========> Epoch: 80/120, abs_rel: 0.182, sq_rel: 0.190, rmse: 0.416, rmse_log: 0.122, log10: 0.037, silog: 0.111

[2025-12-05 18:07:13,609][    INFO] Iter: 0/35, LR: 0.0000019, Loss: 0.065
[2025-12-05 18:07:38,416][    INFO] Validate
[2025-12-05 18:07:40,347][    INFO] ==================================================================================================
[2025-12-05 18:07:40,347][    INFO]       d1,       d2,       d3,  abs_rel,   sq_rel,     rmse, rmse_log,    log10,    silog
[2025-12-05 18:07:40,348][    INFO]   19.404,   19.532,   19.545,    4.615,    6.826,   10.484,    2.789,    0.922,    2.412
[2025-12-05 18:07:40,348][    INFO] ==================================================================================================
[2025-12-05 18:07:40,740][    INFO] ===========> Epoch: 81/120, d1: 0.972, d2: 0.977, d3: 0.978
[2025-12-05 18:07:40,741][    INFO] ===========> Epoch: 81/120, abs_rel: 0.182, sq_rel: 0.190, rmse: 0.416, rmse_log: 0.122, log10: 0.037, silog: 0.111

[2025-12-05 18:07:41,761][    INFO] Iter: 0/35, LR: 0.0000018, Loss: 0.060
[2025-12-05 18:08:06,698][    INFO] Validate
[2025-12-05 18:08:08,602][    INFO] ==================================================================================================
[2025-12-05 18:08:08,602][    INFO]       d1,       d2,       d3,  abs_rel,   sq_rel,     rmse, rmse_log,    log10,    silog
[2025-12-05 18:08:08,602][    INFO]   19.385,   19.532,   19.544,    4.852,    7.513,   11.216,    2.887,    0.955,    2.483
[2025-12-05 18:08:08,602][    INFO] ==================================================================================================
[2025-12-05 18:08:09,029][    INFO] ===========> Epoch: 82/120, d1: 0.972, d2: 0.977, d3: 0.978
[2025-12-05 18:08:09,029][    INFO] ===========> Epoch: 82/120, abs_rel: 0.182, sq_rel: 0.190, rmse: 0.416, rmse_log: 0.122, log10: 0.037, silog: 0.111

[2025-12-05 18:08:10,099][    INFO] Iter: 0/35, LR: 0.0000018, Loss: 0.058
[2025-12-05 18:08:35,311][    INFO] Validate
[2025-12-05 18:08:37,263][    INFO] ==================================================================================================
[2025-12-05 18:08:37,263][    INFO]       d1,       d2,       d3,  abs_rel,   sq_rel,     rmse, rmse_log,    log10,    silog
[2025-12-05 18:08:37,264][    INFO]   19.379,   19.533,   19.545,    4.612,    6.805,   11.132,    2.836,    0.934,    2.489
[2025-12-05 18:08:37,264][    INFO] ==================================================================================================
[2025-12-05 18:08:37,780][    INFO] ===========> Epoch: 83/120, d1: 0.972, d2: 0.977, d3: 0.978
[2025-12-05 18:08:37,780][    INFO] ===========> Epoch: 83/120, abs_rel: 0.182, sq_rel: 0.190, rmse: 0.416, rmse_log: 0.122, log10: 0.037, silog: 0.111

[2025-12-05 18:08:38,878][    INFO] Iter: 0/35, LR: 0.0000017, Loss: 0.055
[2025-12-05 18:09:04,353][    INFO] Validate
[2025-12-05 18:09:06,324][    INFO] ==================================================================================================
[2025-12-05 18:09:06,324][    INFO]       d1,       d2,       d3,  abs_rel,   sq_rel,     rmse, rmse_log,    log10,    silog
[2025-12-05 18:09:06,325][    INFO]   19.437,   19.533,   19.545,    4.603,    7.289,    9.759,    2.677,    0.854,    2.362
[2025-12-05 18:09:06,325][    INFO] ==================================================================================================
[2025-12-05 18:09:06,807][    INFO] ===========> Epoch: 84/120, d1: 0.972, d2: 0.977, d3: 0.978
[2025-12-05 18:09:06,807][    INFO] ===========> Epoch: 84/120, abs_rel: 0.182, sq_rel: 0.190, rmse: 0.416, rmse_log: 0.122, log10: 0.037, silog: 0.111

[2025-12-05 18:09:07,877][    INFO] Iter: 0/35, LR: 0.0000017, Loss: 0.055
[2025-12-05 18:09:33,106][    INFO] Validate
[2025-12-05 18:09:35,067][    INFO] ==================================================================================================
[2025-12-05 18:09:35,067][    INFO]       d1,       d2,       d3,  abs_rel,   sq_rel,     rmse, rmse_log,    log10,    silog
[2025-12-05 18:09:35,067][    INFO]   19.394,   19.534,   19.547,    4.184,    5.897,   10.254,    2.632,    0.837,    2.365
[2025-12-05 18:09:35,067][    INFO] ==================================================================================================
[2025-12-05 18:09:35,575][    INFO] ===========> Epoch: 85/120, d1: 0.972, d2: 0.977, d3: 0.978
[2025-12-05 18:09:35,575][    INFO] ===========> Epoch: 85/120, abs_rel: 0.182, sq_rel: 0.190, rmse: 0.416, rmse_log: 0.122, log10: 0.037, silog: 0.111

[2025-12-05 18:09:36,602][    INFO] Iter: 0/35, LR: 0.0000016, Loss: 0.046
[2025-12-05 18:10:01,925][    INFO] Validate
[2025-12-05 18:10:03,874][    INFO] ==================================================================================================
[2025-12-05 18:10:03,874][    INFO]       d1,       d2,       d3,  abs_rel,   sq_rel,     rmse, rmse_log,    log10,    silog
[2025-12-05 18:10:03,875][    INFO]   19.451,   19.533,   19.545,    4.247,    6.282,    9.171,    2.541,    0.803,    2.262
[2025-12-05 18:10:03,875][    INFO] ==================================================================================================
[2025-12-05 18:10:04,382][    INFO] ===========> Epoch: 86/120, d1: 0.973, d2: 0.977, d3: 0.978
[2025-12-05 18:10:04,382][    INFO] ===========> Epoch: 86/120, abs_rel: 0.182, sq_rel: 0.190, rmse: 0.416, rmse_log: 0.122, log10: 0.037, silog: 0.111

[2025-12-05 18:10:05,487][    INFO] Iter: 0/35, LR: 0.0000016, Loss: 0.046
[2025-12-05 18:10:30,562][    INFO] Validate
[2025-12-05 18:10:32,470][    INFO] ==================================================================================================
[2025-12-05 18:10:32,470][    INFO]       d1,       d2,       d3,  abs_rel,   sq_rel,     rmse, rmse_log,    log10,    silog
[2025-12-05 18:10:32,470][    INFO]   19.398,   19.535,   19.548,    3.809,    5.024,    8.751,    2.473,    0.767,    2.258
[2025-12-05 18:10:32,470][    INFO] ==================================================================================================
[2025-12-05 18:10:32,905][    INFO] ===========> Epoch: 87/120, d1: 0.973, d2: 0.977, d3: 0.978
[2025-12-05 18:10:32,905][    INFO] ===========> Epoch: 87/120, abs_rel: 0.182, sq_rel: 0.190, rmse: 0.416, rmse_log: 0.122, log10: 0.037, silog: 0.111

[2025-12-05 18:10:33,919][    INFO] Iter: 0/35, LR: 0.0000016, Loss: 0.075
[2025-12-05 18:10:58,633][    INFO] Validate
[2025-12-05 18:11:00,546][    INFO] ==================================================================================================
[2025-12-05 18:11:00,546][    INFO]       d1,       d2,       d3,  abs_rel,   sq_rel,     rmse, rmse_log,    log10,    silog
[2025-12-05 18:11:00,546][    INFO]   19.439,   19.536,   19.548,    4.113,    6.128,    8.556,    2.478,    0.762,    2.255
[2025-12-05 18:11:00,546][    INFO] ==================================================================================================
[2025-12-05 18:11:01,030][    INFO] ===========> Epoch: 88/120, d1: 0.973, d2: 0.977, d3: 0.978
[2025-12-05 18:11:01,031][    INFO] ===========> Epoch: 88/120, abs_rel: 0.182, sq_rel: 0.190, rmse: 0.416, rmse_log: 0.122, log10: 0.037, silog: 0.111

[2025-12-05 18:11:02,091][    INFO] Iter: 0/35, LR: 0.0000015, Loss: 0.049
[2025-12-05 18:11:26,727][    INFO] Validate
[2025-12-05 18:11:28,593][    INFO] ==================================================================================================
[2025-12-05 18:11:28,593][    INFO]       d1,       d2,       d3,  abs_rel,   sq_rel,     rmse, rmse_log,    log10,    silog
[2025-12-05 18:11:28,594][    INFO]   19.320,   19.536,   19.549,    3.816,    4.948,    9.123,    2.519,    0.783,    2.298
[2025-12-05 18:11:28,594][    INFO] ==================================================================================================
[2025-12-05 18:11:29,044][    INFO] ===========> Epoch: 89/120, d1: 0.973, d2: 0.977, d3: 0.978
[2025-12-05 18:11:29,044][    INFO] ===========> Epoch: 89/120, abs_rel: 0.182, sq_rel: 0.190, rmse: 0.416, rmse_log: 0.122, log10: 0.037, silog: 0.111

[2025-12-05 18:11:30,047][    INFO] Iter: 0/35, LR: 0.0000015, Loss: 0.049
[2025-12-05 18:11:54,330][    INFO] Validate
[2025-12-05 18:11:56,215][    INFO] ==================================================================================================
[2025-12-05 18:11:56,215][    INFO]       d1,       d2,       d3,  abs_rel,   sq_rel,     rmse, rmse_log,    log10,    silog
[2025-12-05 18:11:56,216][    INFO]   19.219,   19.532,   19.550,    3.829,    4.919,    8.983,    2.610,    0.801,    2.400
[2025-12-05 18:11:56,216][    INFO] ==================================================================================================
[2025-12-05 18:11:56,697][    INFO] ===========> Epoch: 90/120, d1: 0.973, d2: 0.977, d3: 0.978
[2025-12-05 18:11:56,698][    INFO] ===========> Epoch: 90/120, abs_rel: 0.182, sq_rel: 0.190, rmse: 0.416, rmse_log: 0.122, log10: 0.037, silog: 0.111

[2025-12-05 18:11:57,667][    INFO] Iter: 0/35, LR: 0.0000014, Loss: 0.057
[2025-12-05 18:12:22,161][    INFO] Validate
[2025-12-05 18:12:24,052][    INFO] ==================================================================================================
[2025-12-05 18:12:24,053][    INFO]       d1,       d2,       d3,  abs_rel,   sq_rel,     rmse, rmse_log,    log10,    silog
[2025-12-05 18:12:24,053][    INFO]   19.401,   19.536,   19.549,    3.907,    5.378,    8.228,    2.484,    0.764,    2.277
[2025-12-05 18:12:24,053][    INFO] ==================================================================================================
[2025-12-05 18:12:24,514][    INFO] ===========> Epoch: 91/120, d1: 0.973, d2: 0.977, d3: 0.978
[2025-12-05 18:12:24,515][    INFO] ===========> Epoch: 91/120, abs_rel: 0.182, sq_rel: 0.190, rmse: 0.411, rmse_log: 0.122, log10: 0.037, silog: 0.111

[2025-12-05 18:12:25,510][    INFO] Iter: 0/35, LR: 0.0000014, Loss: 0.055
[2025-12-05 18:12:50,050][    INFO] Validate
[2025-12-05 18:12:51,981][    INFO] ==================================================================================================
[2025-12-05 18:12:51,981][    INFO]       d1,       d2,       d3,  abs_rel,   sq_rel,     rmse, rmse_log,    log10,    silog
[2025-12-05 18:12:51,982][    INFO]   19.436,   19.535,   19.548,    3.826,    5.198,    8.312,    2.427,    0.746,    2.221
[2025-12-05 18:12:51,982][    INFO] ==================================================================================================
[2025-12-05 18:12:52,454][    INFO] ===========> Epoch: 92/120, d1: 0.973, d2: 0.977, d3: 0.978
[2025-12-05 18:12:52,454][    INFO] ===========> Epoch: 92/120, abs_rel: 0.182, sq_rel: 0.190, rmse: 0.411, rmse_log: 0.121, log10: 0.037, silog: 0.111

[2025-12-05 18:12:53,463][    INFO] Iter: 0/35, LR: 0.0000013, Loss: 0.046
[2025-12-05 18:13:18,239][    INFO] Validate
[2025-12-05 18:13:20,136][    INFO] ==================================================================================================
[2025-12-05 18:13:20,137][    INFO]       d1,       d2,       d3,  abs_rel,   sq_rel,     rmse, rmse_log,    log10,    silog
[2025-12-05 18:13:20,137][    INFO]   19.432,   19.535,   19.548,    3.928,    5.649,    8.294,    2.430,    0.737,    2.225
[2025-12-05 18:13:20,137][    INFO] ==================================================================================================
[2025-12-05 18:13:20,611][    INFO] ===========> Epoch: 93/120, d1: 0.973, d2: 0.977, d3: 0.978
[2025-12-05 18:13:20,611][    INFO] ===========> Epoch: 93/120, abs_rel: 0.182, sq_rel: 0.190, rmse: 0.411, rmse_log: 0.121, log10: 0.037, silog: 0.111

[2025-12-05 18:13:21,650][    INFO] Iter: 0/35, LR: 0.0000013, Loss: 0.055
[2025-12-05 18:13:46,437][    INFO] Validate
[2025-12-05 18:13:48,325][    INFO] ==================================================================================================
[2025-12-05 18:13:48,325][    INFO]       d1,       d2,       d3,  abs_rel,   sq_rel,     rmse, rmse_log,    log10,    silog
[2025-12-05 18:13:48,326][    INFO]   19.341,   19.535,   19.548,    4.130,    6.155,    8.418,    2.536,    0.773,    2.323
[2025-12-05 18:13:48,326][    INFO] ==================================================================================================
[2025-12-05 18:13:48,760][    INFO] ===========> Epoch: 94/120, d1: 0.973, d2: 0.977, d3: 0.978
[2025-12-05 18:13:48,760][    INFO] ===========> Epoch: 94/120, abs_rel: 0.182, sq_rel: 0.190, rmse: 0.411, rmse_log: 0.121, log10: 0.037, silog: 0.111

[2025-12-05 18:13:49,769][    INFO] Iter: 0/35, LR: 0.0000013, Loss: 0.051
[2025-12-05 18:14:14,202][    INFO] Validate
[2025-12-05 18:14:16,047][    INFO] ==================================================================================================
[2025-12-05 18:14:16,048][    INFO]       d1,       d2,       d3,  abs_rel,   sq_rel,     rmse, rmse_log,    log10,    silog
[2025-12-05 18:14:16,048][    INFO]   19.462,   19.534,   19.546,    4.261,    6.534,    8.576,    2.469,    0.776,    2.220
[2025-12-05 18:14:16,048][    INFO] ==================================================================================================
[2025-12-05 18:14:16,437][    INFO] ===========> Epoch: 95/120, d1: 0.973, d2: 0.977, d3: 0.978
[2025-12-05 18:14:16,437][    INFO] ===========> Epoch: 95/120, abs_rel: 0.182, sq_rel: 0.190, rmse: 0.411, rmse_log: 0.121, log10: 0.037, silog: 0.111

[2025-12-05 18:14:17,422][    INFO] Iter: 0/35, LR: 0.0000012, Loss: 0.044
[2025-12-05 18:14:41,612][    INFO] Validate
[2025-12-05 18:14:43,473][    INFO] ==================================================================================================
[2025-12-05 18:14:43,473][    INFO]       d1,       d2,       d3,  abs_rel,   sq_rel,     rmse, rmse_log,    log10,    silog
[2025-12-05 18:14:43,473][    INFO]   19.407,   19.534,   19.547,    4.097,    5.732,    9.419,    2.541,    0.808,    2.297
[2025-12-05 18:14:43,473][    INFO] ==================================================================================================
[2025-12-05 18:14:43,896][    INFO] ===========> Epoch: 96/120, d1: 0.973, d2: 0.977, d3: 0.978
[2025-12-05 18:14:43,896][    INFO] ===========> Epoch: 96/120, abs_rel: 0.182, sq_rel: 0.190, rmse: 0.411, rmse_log: 0.121, log10: 0.037, silog: 0.111

[2025-12-05 18:14:44,870][    INFO] Iter: 0/35, LR: 0.0000012, Loss: 0.049
[2025-12-05 18:15:08,815][    INFO] Validate
[2025-12-05 18:15:10,642][    INFO] ==================================================================================================
[2025-12-05 18:15:10,642][    INFO]       d1,       d2,       d3,  abs_rel,   sq_rel,     rmse, rmse_log,    log10,    silog
[2025-12-05 18:15:10,642][    INFO]   19.454,   19.534,   19.546,    4.077,    5.848,    8.969,    2.474,    0.777,    2.229
[2025-12-05 18:15:10,642][    INFO] ==================================================================================================
[2025-12-05 18:15:11,077][    INFO] ===========> Epoch: 97/120, d1: 0.973, d2: 0.977, d3: 0.978
[2025-12-05 18:15:11,077][    INFO] ===========> Epoch: 97/120, abs_rel: 0.182, sq_rel: 0.190, rmse: 0.411, rmse_log: 0.121, log10: 0.037, silog: 0.111

[2025-12-05 18:15:12,050][    INFO] Iter: 0/35, LR: 0.0000011, Loss: 0.046
[2025-12-05 18:15:35,858][    INFO] Validate
[2025-12-05 18:15:37,681][    INFO] ==================================================================================================
[2025-12-05 18:15:37,681][    INFO]       d1,       d2,       d3,  abs_rel,   sq_rel,     rmse, rmse_log,    log10,    silog
[2025-12-05 18:15:37,681][    INFO]   19.452,   19.534,   19.546,    4.227,    6.067,    9.507,    2.545,    0.821,    2.253
[2025-12-05 18:15:37,681][    INFO] ==================================================================================================
[2025-12-05 18:15:38,100][    INFO] ===========> Epoch: 98/120, d1: 0.973, d2: 0.977, d3: 0.978
[2025-12-05 18:15:38,100][    INFO] ===========> Epoch: 98/120, abs_rel: 0.182, sq_rel: 0.190, rmse: 0.411, rmse_log: 0.121, log10: 0.037, silog: 0.111

[2025-12-05 18:15:39,102][    INFO] Iter: 0/35, LR: 0.0000011, Loss: 0.049
[2025-12-05 18:16:03,076][    INFO] Validate
[2025-12-05 18:16:04,910][    INFO] ==================================================================================================
[2025-12-05 18:16:04,910][    INFO]       d1,       d2,       d3,  abs_rel,   sq_rel,     rmse, rmse_log,    log10,    silog
[2025-12-05 18:16:04,910][    INFO]   19.430,   19.533,   19.546,    4.290,    6.220,    9.588,    2.579,    0.835,    2.288
[2025-12-05 18:16:04,910][    INFO] ==================================================================================================
[2025-12-05 18:16:05,351][    INFO] ===========> Epoch: 99/120, d1: 0.973, d2: 0.977, d3: 0.978
[2025-12-05 18:16:05,351][    INFO] ===========> Epoch: 99/120, abs_rel: 0.182, sq_rel: 0.190, rmse: 0.411, rmse_log: 0.121, log10: 0.037, silog: 0.111

[2025-12-05 18:16:06,331][    INFO] Iter: 0/35, LR: 0.0000010, Loss: 0.053
[2025-12-05 18:16:30,151][    INFO] Validate
[2025-12-05 18:16:31,970][    INFO] ==================================================================================================
[2025-12-05 18:16:31,970][    INFO]       d1,       d2,       d3,  abs_rel,   sq_rel,     rmse, rmse_log,    log10,    silog
[2025-12-05 18:16:31,970][    INFO]   19.435,   19.534,   19.546,    4.254,    6.238,    9.097,    2.541,    0.813,    2.263
[2025-12-05 18:16:31,970][    INFO] ==================================================================================================
[2025-12-05 18:16:32,339][    INFO] ===========> Epoch: 100/120, d1: 0.973, d2: 0.977, d3: 0.978
[2025-12-05 18:16:32,339][    INFO] ===========> Epoch: 100/120, abs_rel: 0.182, sq_rel: 0.190, rmse: 0.411, rmse_log: 0.121, log10: 0.037, silog: 0.111

[2025-12-05 18:16:33,321][    INFO] Iter: 0/35, LR: 0.0000010, Loss: 0.049
[2025-12-05 18:16:57,052][    INFO] Validate
[2025-12-05 18:16:58,857][    INFO] ==================================================================================================
[2025-12-05 18:16:58,857][    INFO]       d1,       d2,       d3,  abs_rel,   sq_rel,     rmse, rmse_log,    log10,    silog
[2025-12-05 18:16:58,858][    INFO]   19.457,   19.534,   19.545,    4.261,    6.369,    9.242,    2.540,    0.802,    2.270
[2025-12-05 18:16:58,858][    INFO] ==================================================================================================
[2025-12-05 18:16:59,261][    INFO] ===========> Epoch: 101/120, d1: 0.973, d2: 0.977, d3: 0.978
[2025-12-05 18:16:59,261][    INFO] ===========> Epoch: 101/120, abs_rel: 0.182, sq_rel: 0.190, rmse: 0.411, rmse_log: 0.121, log10: 0.037, silog: 0.111

[2025-12-05 18:17:00,220][    INFO] Iter: 0/35, LR: 0.0000010, Loss: 0.045
[2025-12-05 18:17:23,896][    INFO] Validate
[2025-12-05 18:17:25,728][    INFO] ==================================================================================================
[2025-12-05 18:17:25,728][    INFO]       d1,       d2,       d3,  abs_rel,   sq_rel,     rmse, rmse_log,    log10,    silog
[2025-12-05 18:17:25,728][    INFO]   19.435,   19.534,   19.546,    4.073,    5.876,    9.132,    2.488,    0.776,    2.245
[2025-12-05 18:17:25,728][    INFO] ==================================================================================================
[2025-12-05 18:17:26,100][    INFO] ===========> Epoch: 102/120, d1: 0.973, d2: 0.977, d3: 0.978
[2025-12-05 18:17:26,100][    INFO] ===========> Epoch: 102/120, abs_rel: 0.182, sq_rel: 0.190, rmse: 0.411, rmse_log: 0.121, log10: 0.037, silog: 0.111

[2025-12-05 18:17:27,069][    INFO] Iter: 0/35, LR: 0.0000009, Loss: 0.044
[2025-12-05 18:17:50,808][    INFO] Validate
[2025-12-05 18:17:52,619][    INFO] ==================================================================================================
[2025-12-05 18:17:52,619][    INFO]       d1,       d2,       d3,  abs_rel,   sq_rel,     rmse, rmse_log,    log10,    silog
[2025-12-05 18:17:52,619][    INFO]   19.447,   19.535,   19.547,    3.944,    5.582,    8.707,    2.438,    0.752,    2.214
[2025-12-05 18:17:52,619][    INFO] ==================================================================================================
[2025-12-05 18:17:53,052][    INFO] ===========> Epoch: 103/120, d1: 0.973, d2: 0.977, d3: 0.978
[2025-12-05 18:17:53,053][    INFO] ===========> Epoch: 103/120, abs_rel: 0.182, sq_rel: 0.190, rmse: 0.411, rmse_log: 0.121, log10: 0.037, silog: 0.111

[2025-12-05 18:17:54,007][    INFO] Iter: 0/35, LR: 0.0000009, Loss: 0.047
[2025-12-05 18:18:17,563][    INFO] Validate
[2025-12-05 18:18:19,381][    INFO] ==================================================================================================
[2025-12-05 18:18:19,381][    INFO]       d1,       d2,       d3,  abs_rel,   sq_rel,     rmse, rmse_log,    log10,    silog
[2025-12-05 18:18:19,382][    INFO]   19.459,   19.535,   19.548,    3.799,    5.203,    8.260,    2.389,    0.731,    2.180
[2025-12-05 18:18:19,382][    INFO] ==================================================================================================
[2025-12-05 18:18:19,760][    INFO] ===========> Epoch: 104/120, d1: 0.973, d2: 0.977, d3: 0.978
[2025-12-05 18:18:19,760][    INFO] ===========> Epoch: 104/120, abs_rel: 0.182, sq_rel: 0.190, rmse: 0.411, rmse_log: 0.119, log10: 0.037, silog: 0.109

[2025-12-05 18:18:20,719][    INFO] Iter: 0/35, LR: 0.0000008, Loss: 0.042
[2025-12-05 18:18:44,519][    INFO] Validate
[2025-12-05 18:18:46,396][    INFO] ==================================================================================================
[2025-12-05 18:18:46,396][    INFO]       d1,       d2,       d3,  abs_rel,   sq_rel,     rmse, rmse_log,    log10,    silog
[2025-12-05 18:18:46,397][    INFO]   19.458,   19.536,   19.548,    3.771,    5.073,    8.577,    2.394,    0.737,    2.177
[2025-12-05 18:18:46,397][    INFO] ==================================================================================================
[2025-12-05 18:18:46,868][    INFO] ===========> Epoch: 105/120, d1: 0.973, d2: 0.977, d3: 0.978
[2025-12-05 18:18:46,868][    INFO] ===========> Epoch: 105/120, abs_rel: 0.182, sq_rel: 0.190, rmse: 0.411, rmse_log: 0.119, log10: 0.037, silog: 0.109

[2025-12-05 18:18:47,904][    INFO] Iter: 0/35, LR: 0.0000008, Loss: 0.042
[2025-12-05 18:19:12,105][    INFO] Validate
[2025-12-05 18:19:13,963][    INFO] ==================================================================================================
[2025-12-05 18:19:13,963][    INFO]       d1,       d2,       d3,  abs_rel,   sq_rel,     rmse, rmse_log,    log10,    silog
[2025-12-05 18:19:13,963][    INFO]   19.425,   19.535,   19.548,    3.838,    5.354,    8.245,    2.398,    0.731,    2.188
[2025-12-05 18:19:13,963][    INFO] ==================================================================================================
[2025-12-05 18:19:14,417][    INFO] ===========> Epoch: 106/120, d1: 0.973, d2: 0.977, d3: 0.978
[2025-12-05 18:19:14,417][    INFO] ===========> Epoch: 106/120, abs_rel: 0.182, sq_rel: 0.190, rmse: 0.411, rmse_log: 0.119, log10: 0.037, silog: 0.109

[2025-12-05 18:19:15,403][    INFO] Iter: 0/35, LR: 0.0000007, Loss: 0.050
[2025-12-05 18:19:39,752][    INFO] Validate
[2025-12-05 18:19:41,642][    INFO] ==================================================================================================
[2025-12-05 18:19:41,642][    INFO]       d1,       d2,       d3,  abs_rel,   sq_rel,     rmse, rmse_log,    log10,    silog
[2025-12-05 18:19:41,642][    INFO]   19.467,   19.535,   19.548,    3.940,    5.645,    8.649,    2.397,    0.739,    2.175
[2025-12-05 18:19:41,642][    INFO] ==================================================================================================
[2025-12-05 18:19:42,114][    INFO] ===========> Epoch: 107/120, d1: 0.973, d2: 0.977, d3: 0.978
[2025-12-05 18:19:42,115][    INFO] ===========> Epoch: 107/120, abs_rel: 0.182, sq_rel: 0.190, rmse: 0.411, rmse_log: 0.119, log10: 0.037, silog: 0.109

[2025-12-05 18:19:43,078][    INFO] Iter: 0/35, LR: 0.0000007, Loss: 0.043
[2025-12-05 18:20:07,527][    INFO] Validate
[2025-12-05 18:20:09,400][    INFO] ==================================================================================================
[2025-12-05 18:20:09,400][    INFO]       d1,       d2,       d3,  abs_rel,   sq_rel,     rmse, rmse_log,    log10,    silog
[2025-12-05 18:20:09,401][    INFO]   19.461,   19.535,   19.547,    4.016,    5.918,    8.415,    2.395,    0.739,    2.172
[2025-12-05 18:20:09,401][    INFO] ==================================================================================================
[2025-12-05 18:20:09,840][    INFO] ===========> Epoch: 108/120, d1: 0.973, d2: 0.977, d3: 0.978
[2025-12-05 18:20:09,840][    INFO] ===========> Epoch: 108/120, abs_rel: 0.182, sq_rel: 0.190, rmse: 0.411, rmse_log: 0.119, log10: 0.037, silog: 0.109

[2025-12-05 18:20:10,837][    INFO] Iter: 0/35, LR: 0.0000006, Loss: 0.043
[2025-12-05 18:20:34,866][    INFO] Validate
[2025-12-05 18:20:36,720][    INFO] ==================================================================================================
[2025-12-05 18:20:36,720][    INFO]       d1,       d2,       d3,  abs_rel,   sq_rel,     rmse, rmse_log,    log10,    silog
[2025-12-05 18:20:36,720][    INFO]   19.458,   19.535,   19.548,    3.925,    5.501,    8.775,    2.422,    0.751,    2.189
[2025-12-05 18:20:36,720][    INFO] ==================================================================================================
[2025-12-05 18:20:37,167][    INFO] ===========> Epoch: 109/120, d1: 0.973, d2: 0.977, d3: 0.978
[2025-12-05 18:20:37,167][    INFO] ===========> Epoch: 109/120, abs_rel: 0.182, sq_rel: 0.190, rmse: 0.411, rmse_log: 0.119, log10: 0.037, silog: 0.109

[2025-12-05 18:20:38,167][    INFO] Iter: 0/35, LR: 0.0000006, Loss: 0.045
[2025-12-05 18:21:02,213][    INFO] Validate
[2025-12-05 18:21:04,090][    INFO] ==================================================================================================
[2025-12-05 18:21:04,090][    INFO]       d1,       d2,       d3,  abs_rel,   sq_rel,     rmse, rmse_log,    log10,    silog
[2025-12-05 18:21:04,090][    INFO]   19.468,   19.536,   19.548,    3.865,    5.494,    8.336,    2.369,    0.722,    2.157
[2025-12-05 18:21:04,090][    INFO] ==================================================================================================
[2025-12-05 18:21:04,477][    INFO] ===========> Epoch: 110/120, d1: 0.973, d2: 0.977, d3: 0.978
[2025-12-05 18:21:04,477][    INFO] ===========> Epoch: 110/120, abs_rel: 0.182, sq_rel: 0.190, rmse: 0.411, rmse_log: 0.118, log10: 0.036, silog: 0.108

[2025-12-05 18:21:05,461][    INFO] Iter: 0/35, LR: 0.0000005, Loss: 0.042
[2025-12-05 18:21:29,529][    INFO] Validate
[2025-12-05 18:21:31,387][    INFO] ==================================================================================================
[2025-12-05 18:21:31,387][    INFO]       d1,       d2,       d3,  abs_rel,   sq_rel,     rmse, rmse_log,    log10,    silog
[2025-12-05 18:21:31,387][    INFO]   19.464,   19.535,   19.547,    3.992,    5.866,    8.193,    2.380,    0.733,    2.158
[2025-12-05 18:21:31,387][    INFO] ==================================================================================================
[2025-12-05 18:21:31,804][    INFO] ===========> Epoch: 111/120, d1: 0.973, d2: 0.977, d3: 0.978
[2025-12-05 18:21:31,804][    INFO] ===========> Epoch: 111/120, abs_rel: 0.182, sq_rel: 0.190, rmse: 0.410, rmse_log: 0.118, log10: 0.036, silog: 0.108

[2025-12-05 18:21:32,804][    INFO] Iter: 0/35, LR: 0.0000005, Loss: 0.040
[2025-12-05 18:21:56,779][    INFO] Validate
[2025-12-05 18:21:58,612][    INFO] ==================================================================================================
[2025-12-05 18:21:58,612][    INFO]       d1,       d2,       d3,  abs_rel,   sq_rel,     rmse, rmse_log,    log10,    silog
[2025-12-05 18:21:58,613][    INFO]   19.464,   19.535,   19.547,    3.908,    5.590,    8.074,    2.374,    0.728,    2.157
[2025-12-05 18:21:58,613][    INFO] ==================================================================================================
[2025-12-05 18:21:59,032][    INFO] ===========> Epoch: 112/120, d1: 0.973, d2: 0.977, d3: 0.978
[2025-12-05 18:21:59,032][    INFO] ===========> Epoch: 112/120, abs_rel: 0.182, sq_rel: 0.190, rmse: 0.404, rmse_log: 0.118, log10: 0.036, silog: 0.108

[2025-12-05 18:22:00,015][    INFO] Iter: 0/35, LR: 0.0000004, Loss: 0.043
[2025-12-05 18:22:23,822][    INFO] Validate
[2025-12-05 18:22:25,663][    INFO] ==================================================================================================
[2025-12-05 18:22:25,663][    INFO]       d1,       d2,       d3,  abs_rel,   sq_rel,     rmse, rmse_log,    log10,    silog
[2025-12-05 18:22:25,664][    INFO]   19.464,   19.535,   19.547,    3.924,    5.680,    7.865,    2.355,    0.721,    2.138
[2025-12-05 18:22:25,664][    INFO] ==================================================================================================
[2025-12-05 18:22:26,103][    INFO] ===========> Epoch: 113/120, d1: 0.973, d2: 0.977, d3: 0.978
[2025-12-05 18:22:26,103][    INFO] ===========> Epoch: 113/120, abs_rel: 0.182, sq_rel: 0.190, rmse: 0.393, rmse_log: 0.118, log10: 0.036, silog: 0.107

[2025-12-05 18:22:27,057][    INFO] Iter: 0/35, LR: 0.0000004, Loss: 0.040
[2025-12-05 18:22:50,939][    INFO] Validate
[2025-12-05 18:22:52,801][    INFO] ==================================================================================================
[2025-12-05 18:22:52,801][    INFO]       d1,       d2,       d3,  abs_rel,   sq_rel,     rmse, rmse_log,    log10,    silog
[2025-12-05 18:22:52,801][    INFO]   19.464,   19.534,   19.547,    3.892,    5.564,    7.723,    2.344,    0.719,    2.126
[2025-12-05 18:22:52,802][    INFO] ==================================================================================================
[2025-12-05 18:22:53,198][    INFO] ===========> Epoch: 114/120, d1: 0.973, d2: 0.977, d3: 0.978
[2025-12-05 18:22:53,198][    INFO] ===========> Epoch: 114/120, abs_rel: 0.182, sq_rel: 0.190, rmse: 0.386, rmse_log: 0.117, log10: 0.036, silog: 0.106

[2025-12-05 18:22:54,199][    INFO] Iter: 0/35, LR: 0.0000003, Loss: 0.044
[2025-12-05 18:23:18,276][    INFO] Validate
[2025-12-05 18:23:20,138][    INFO] ==================================================================================================
[2025-12-05 18:23:20,138][    INFO]       d1,       d2,       d3,  abs_rel,   sq_rel,     rmse, rmse_log,    log10,    silog
[2025-12-05 18:23:20,139][    INFO]   19.457,   19.534,   19.546,    3.995,    5.655,    7.978,    2.410,    0.755,    2.165
[2025-12-05 18:23:20,139][    INFO] ==================================================================================================
[2025-12-05 18:23:20,516][    INFO] ===========> Epoch: 115/120, d1: 0.973, d2: 0.977, d3: 0.978
[2025-12-05 18:23:20,516][    INFO] ===========> Epoch: 115/120, abs_rel: 0.182, sq_rel: 0.190, rmse: 0.386, rmse_log: 0.117, log10: 0.036, silog: 0.106

[2025-12-05 18:23:21,495][    INFO] Iter: 0/35, LR: 0.0000003, Loss: 0.048
[2025-12-05 18:23:45,604][    INFO] Validate
[2025-12-05 18:23:47,471][    INFO] ==================================================================================================
[2025-12-05 18:23:47,471][    INFO]       d1,       d2,       d3,  abs_rel,   sq_rel,     rmse, rmse_log,    log10,    silog
[2025-12-05 18:23:47,471][    INFO]   19.449,   19.533,   19.545,    4.318,    6.365,    8.576,    2.549,    0.820,    2.249
[2025-12-05 18:23:47,471][    INFO] ==================================================================================================
[2025-12-05 18:23:47,877][    INFO] ===========> Epoch: 116/120, d1: 0.973, d2: 0.977, d3: 0.978
[2025-12-05 18:23:47,877][    INFO] ===========> Epoch: 116/120, abs_rel: 0.182, sq_rel: 0.190, rmse: 0.386, rmse_log: 0.117, log10: 0.036, silog: 0.106

[2025-12-05 18:23:48,911][    INFO] Iter: 0/35, LR: 0.0000002, Loss: 0.057
[2025-12-05 18:24:13,319][    INFO] Validate
[2025-12-05 18:24:15,189][    INFO] ==================================================================================================
[2025-12-05 18:24:15,189][    INFO]       d1,       d2,       d3,  abs_rel,   sq_rel,     rmse, rmse_log,    log10,    silog
[2025-12-05 18:24:15,189][    INFO]   19.439,   19.533,   19.545,    4.480,    6.641,    9.163,    2.638,    0.865,    2.299
[2025-12-05 18:24:15,189][    INFO] ==================================================================================================
[2025-12-05 18:24:15,587][    INFO] ===========> Epoch: 117/120, d1: 0.973, d2: 0.977, d3: 0.978
[2025-12-05 18:24:15,587][    INFO] ===========> Epoch: 117/120, abs_rel: 0.182, sq_rel: 0.190, rmse: 0.386, rmse_log: 0.117, log10: 0.036, silog: 0.106

[2025-12-05 18:24:16,594][    INFO] Iter: 0/35, LR: 0.0000002, Loss: 0.057
[2025-12-05 18:24:41,168][    INFO] Validate
[2025-12-05 18:24:43,043][    INFO] ==================================================================================================
[2025-12-05 18:24:43,043][    INFO]       d1,       d2,       d3,  abs_rel,   sq_rel,     rmse, rmse_log,    log10,    silog
[2025-12-05 18:24:43,044][    INFO]   19.449,   19.533,   19.545,    4.341,    6.373,    8.989,    2.574,    0.833,    2.264
[2025-12-05 18:24:43,044][    INFO] ==================================================================================================
[2025-12-05 18:24:43,494][    INFO] ===========> Epoch: 118/120, d1: 0.973, d2: 0.977, d3: 0.978
[2025-12-05 18:24:43,494][    INFO] ===========> Epoch: 118/120, abs_rel: 0.182, sq_rel: 0.190, rmse: 0.386, rmse_log: 0.117, log10: 0.036, silog: 0.106

[2025-12-05 18:24:44,487][    INFO] Iter: 0/35, LR: 0.0000001, Loss: 0.051
[2025-12-05 18:25:09,011][    INFO] Validate
[2025-12-05 18:25:10,900][    INFO] ==================================================================================================
[2025-12-05 18:25:10,900][    INFO]       d1,       d2,       d3,  abs_rel,   sq_rel,     rmse, rmse_log,    log10,    silog
[2025-12-05 18:25:10,901][    INFO]   19.455,   19.534,   19.546,    4.188,    6.111,    8.556,    2.490,    0.792,    2.216
[2025-12-05 18:25:10,901][    INFO] ==================================================================================================
[2025-12-05 18:25:11,296][    INFO] ===========> Epoch: 119/120, d1: 0.973, d2: 0.977, d3: 0.978
[2025-12-05 18:25:11,296][    INFO] ===========> Epoch: 119/120, abs_rel: 0.182, sq_rel: 0.190, rmse: 0.386, rmse_log: 0.117, log10: 0.036, silog: 0.106

[2025-12-05 18:25:12,258][    INFO] Iter: 0/35, LR: 0.0000001, Loss: 0.046
[2025-12-05 18:25:36,939][    INFO] Validate
[2025-12-05 18:25:38,827][    INFO] ==================================================================================================
[2025-12-05 18:25:38,827][    INFO]       d1,       d2,       d3,  abs_rel,   sq_rel,     rmse, rmse_log,    log10,    silog
[2025-12-05 18:25:38,828][    INFO]   19.458,   19.534,   19.546,    4.109,    5.997,    8.362,    2.448,    0.769,    2.193
[2025-12-05 18:25:38,828][    INFO] ==================================================================================================
[2025-12-05 18:25:39,435][    INFO] Size (finetuned): 99.22 MB
[2025-12-05 18:25:39,448][    INFO] Testing metric_finetuned model

[2025-12-05 18:25:43,328][    INFO] Measured over "10" samples of testing data from "HyperSim" dataset
[2025-12-05 18:25:43,329][    INFO] Time is in ms per sample (only for inference step)
[2025-12-05 18:25:43,329][    INFO]  
[2025-12-05 18:25:43,329][    INFO] ==================================================================================================
[2025-12-05 18:25:43,329][    INFO]       d1,       d2,       d3,  abs_rel,   sq_rel,     rmse, rmse_log,    log10,    silog,     time
[2025-12-05 18:25:43,329][    INFO]    0.986,    0.999,    1.000,    0.050,    0.026,    0.391,    0.063,    0.021,    0.056,  351.293
[2025-12-05 18:25:43,329][    INFO] ==================================================================================================


Traceback (most recent call last):
  File "/home/tand/Documents/class/cs523/project/depth_anything_v2/Depth-Anything-V2/metric_depth/qat.py", line 462, in <module>
    main()
  File "/home/tand/Documents/class/cs523/project/depth_anything_v2/Depth-Anything-V2/metric_depth/qat.py", line 375, in main
    quantize_(depth_anything1, QATConfig(base_config, step="convert"))
  File "/home/tand/miniconda3/envs/cs523/lib/python3.10/site-packages/torchao/quantization/quant_api.py", line 535, in quantize_
    _replace_with_custom_fn_if_matches_filter(
  File "/home/tand/miniconda3/envs/cs523/lib/python3.10/site-packages/torchao/quantization/quant_api.py", line 210, in _replace_with_custom_fn_if_matches_filter
    new_child = _replace_with_custom_fn_if_matches_filter(
  File "/home/tand/miniconda3/envs/cs523/lib/python3.10/site-packages/torchao/quantization/quant_api.py", line 210, in _replace_with_custom_fn_if_matches_filter
    new_child = _replace_with_custom_fn_if_matches_filter(
  File "/home/tand/miniconda3/envs/cs523/lib/python3.10/site-packages/torchao/quantization/quant_api.py", line 210, in _replace_with_custom_fn_if_matches_filter
    new_child = _replace_with_custom_fn_if_matches_filter(
  [Previous line repeated 2 more times]
  File "/home/tand/miniconda3/envs/cs523/lib/python3.10/site-packages/torchao/quantization/quant_api.py", line 205, in _replace_with_custom_fn_if_matches_filter
    model = replacement_fn(model, *extra_args)
  File "/home/tand/miniconda3/envs/cs523/lib/python3.10/site-packages/torchao/quantization/qat/api.py", line 238, in _qat_config_transform
    return _QUANTIZE_CONFIG_HANDLER[type(base_config)](module, base_config)
  File "/home/tand/miniconda3/envs/cs523/lib/python3.10/site-packages/torchao/quantization/quant_api.py", line 1154, in _int4_weight_only_transform
    new_weight = _int4_weight_only_quantize_tensor(module.weight, config)
  File "/home/tand/miniconda3/envs/cs523/lib/python3.10/site-packages/torchao/quantization/quant_api.py", line 1126, in _int4_weight_only_quantize_tensor
    new_weight = to_affine_quantized_intx(
  File "/home/tand/miniconda3/envs/cs523/lib/python3.10/site-packages/torchao/dtypes/affine_quantized_tensor.py", line 364, in from_hp_to_intx
    tensor_impl = tensor_impl_ctr(data, scale, zero_point, _layout)
  File "/home/tand/miniconda3/envs/cs523/lib/python3.10/site-packages/torchao/dtypes/uintx/tensor_core_tiled_layout.py", line 306, in from_plain
    scale_and_zero = pack_tinygemm_scales_and_zeros(scale, zero_point, scale.dtype)
  File "/home/tand/miniconda3/envs/cs523/lib/python3.10/site-packages/torchao/quantization/utils.py", line 397, in pack_tinygemm_scales_and_zeros
    _guard_dtype_size(zeros, "zeros", dtype=dtype)
  File "/home/tand/miniconda3/envs/cs523/lib/python3.10/site-packages/torchao/quantization/utils.py", line 132, in _guard_dtype_size
    raise ValueError(
ValueError: Expected Tensor argument zeros to have dtype torch.float32, but got torch.bfloat16 instead.
