xFormers not available
xFormers not available
[2025-12-04 01:26:35,948][    INFO] {'bs': 4,
 'dataset': 'HyperSim',
 'encoder': 'vits',
 'epochs': 120,
 'img_size': 518,
 'lr': 5e-06,
 'max_depth': 20,
 'min_depth': 0.001,
 'ngpus': 0,
 'pretrained_from': '../checkpoints/depth_anything_v2_vits.pth',
 'save_path': './QAT'}

[2025-12-04 01:26:35,949][    INFO] Using "cuda"
[2025-12-04 01:26:36,398][    INFO] Size (checkpoint): 99.22 MB
[2025-12-04 01:26:36,408][    INFO] Testing rel_checkpoint model
[2025-12-04 01:26:40,002][    INFO] Measured over "10" samples of testing data from "HyperSim" dataset
[2025-12-04 01:26:40,002][    INFO] Time is in ms per sample (only for inference step)
[2025-12-04 01:26:40,002][    INFO]  
[2025-12-04 01:26:40,002][    INFO] ==================================================================================================
[2025-12-04 01:26:40,002][    INFO]       d1,       d2,       d3,  abs_rel,   sq_rel,     rmse, rmse_log,    log10,    silog,     time
[2025-12-04 01:26:40,002][    INFO]    0.058,    0.154,    0.281,    2.826,   42.720,   11.529,    1.192,    0.467,    0.935,  311.429
[2025-12-04 01:26:40,002][    INFO] ==================================================================================================
[2025-12-04 01:26:40,237][    INFO] ===========> Epoch: 0/120, d1: 0.000, d2: 0.000, d3: 0.000
[2025-12-04 01:26:40,237][    INFO] ===========> Epoch: 0/120, abs_rel: 100.000, sq_rel: 100.000, rmse: 100.000, rmse_log: 100.000, log10: 100.000, silog: 100.000


[2025-12-04 01:26:41,277][    INFO] Iter: 0/35, LR: 0.0000050, Loss: 1.040
[2025-12-04 01:27:04,570][    INFO] Validate
[2025-12-04 01:27:06,496][    INFO] ==================================================================================================
[2025-12-04 01:27:06,496][    INFO]       d1,       d2,       d3,  abs_rel,   sq_rel,     rmse, rmse_log,    log10,    silog
[2025-12-04 01:27:06,496][    INFO]   13.603,   17.767,   18.969,   10.759,   33.530,   38.950,    6.681,    2.189,    6.283
[2025-12-04 01:27:06,496][    INFO] ==================================================================================================
[2025-12-04 01:27:06,805][    INFO] ===========> Epoch: 1/120, d1: 0.680, d2: 0.888, d3: 0.948
[2025-12-04 01:27:06,805][    INFO] ===========> Epoch: 1/120, abs_rel: 0.538, sq_rel: 1.677, rmse: 1.947, rmse_log: 0.334, log10: 0.109, silog: 0.314

[2025-12-04 01:27:07,835][    INFO] Iter: 0/35, LR: 0.0000050, Loss: 0.150
[2025-12-04 01:27:31,570][    INFO] Validate
[2025-12-04 01:27:33,497][    INFO] ==================================================================================================
[2025-12-04 01:27:33,497][    INFO]       d1,       d2,       d3,  abs_rel,   sq_rel,     rmse, rmse_log,    log10,    silog
[2025-12-04 01:27:33,498][    INFO]   16.524,   18.868,   19.362,    7.923,   19.710,   28.276,    5.032,    1.611,    4.688
[2025-12-04 01:27:33,498][    INFO] ==================================================================================================
[2025-12-04 01:27:33,876][    INFO] ===========> Epoch: 2/120, d1: 0.826, d2: 0.943, d3: 0.968
[2025-12-04 01:27:33,876][    INFO] ===========> Epoch: 2/120, abs_rel: 0.396, sq_rel: 0.985, rmse: 1.414, rmse_log: 0.252, log10: 0.081, silog: 0.234

[2025-12-04 01:27:34,947][    INFO] Iter: 0/35, LR: 0.0000049, Loss: 0.136
[2025-12-04 01:27:58,969][    INFO] Validate
[2025-12-04 01:28:00,929][    INFO] ==================================================================================================
[2025-12-04 01:28:00,929][    INFO]       d1,       d2,       d3,  abs_rel,   sq_rel,     rmse, rmse_log,    log10,    silog
[2025-12-04 01:28:00,929][    INFO]   16.765,   19.124,   19.266,    7.335,   16.183,   23.407,    4.904,    1.586,    4.432
[2025-12-04 01:28:00,929][    INFO] ==================================================================================================
[2025-12-04 01:28:01,341][    INFO] ===========> Epoch: 3/120, d1: 0.838, d2: 0.956, d3: 0.968
[2025-12-04 01:28:01,341][    INFO] ===========> Epoch: 3/120, abs_rel: 0.367, sq_rel: 0.809, rmse: 1.170, rmse_log: 0.245, log10: 0.079, silog: 0.222

[2025-12-04 01:28:02,357][    INFO] Iter: 0/35, LR: 0.0000049, Loss: 0.133
[2025-12-04 01:28:26,489][    INFO] Validate
[2025-12-04 01:28:28,441][    INFO] ==================================================================================================
[2025-12-04 01:28:28,442][    INFO]       d1,       d2,       d3,  abs_rel,   sq_rel,     rmse, rmse_log,    log10,    silog
[2025-12-04 01:28:28,442][    INFO]   17.897,   19.009,   19.186,    6.088,   11.385,   18.791,    4.545,    1.394,    4.161
[2025-12-04 01:28:28,442][    INFO] ==================================================================================================
[2025-12-04 01:28:28,867][    INFO] ===========> Epoch: 4/120, d1: 0.895, d2: 0.956, d3: 0.968
[2025-12-04 01:28:28,867][    INFO] ===========> Epoch: 4/120, abs_rel: 0.304, sq_rel: 0.569, rmse: 0.940, rmse_log: 0.227, log10: 0.070, silog: 0.208

[2025-12-04 01:28:29,907][    INFO] Iter: 0/35, LR: 0.0000048, Loss: 0.186
[2025-12-04 01:28:54,091][    INFO] Validate
[2025-12-04 01:28:56,050][    INFO] ==================================================================================================
[2025-12-04 01:28:56,050][    INFO]       d1,       d2,       d3,  abs_rel,   sq_rel,     rmse, rmse_log,    log10,    silog
[2025-12-04 01:28:56,051][    INFO]   18.533,   19.169,   19.264,    5.071,    8.023,   15.687,    3.812,    1.174,    3.499
[2025-12-04 01:28:56,051][    INFO] ==================================================================================================
[2025-12-04 01:28:56,477][    INFO] ===========> Epoch: 5/120, d1: 0.927, d2: 0.958, d3: 0.968
[2025-12-04 01:28:56,478][    INFO] ===========> Epoch: 5/120, abs_rel: 0.254, sq_rel: 0.401, rmse: 0.784, rmse_log: 0.191, log10: 0.059, silog: 0.175

[2025-12-04 01:28:57,505][    INFO] Iter: 0/35, LR: 0.0000048, Loss: 0.118
[2025-12-04 01:29:21,786][    INFO] Validate
[2025-12-04 01:29:23,757][    INFO] ==================================================================================================
[2025-12-04 01:29:23,758][    INFO]       d1,       d2,       d3,  abs_rel,   sq_rel,     rmse, rmse_log,    log10,    silog
[2025-12-04 01:29:23,758][    INFO]   18.065,   19.204,   19.332,    5.839,   10.082,   16.465,    4.039,    1.286,    3.631
[2025-12-04 01:29:23,758][    INFO] ==================================================================================================
[2025-12-04 01:29:24,189][    INFO] ===========> Epoch: 6/120, d1: 0.927, d2: 0.960, d3: 0.968
[2025-12-04 01:29:24,189][    INFO] ===========> Epoch: 6/120, abs_rel: 0.254, sq_rel: 0.401, rmse: 0.784, rmse_log: 0.191, log10: 0.059, silog: 0.175

[2025-12-04 01:29:25,242][    INFO] Iter: 0/35, LR: 0.0000048, Loss: 0.095
[2025-12-04 01:29:49,703][    INFO] Validate
[2025-12-04 01:29:51,684][    INFO] ==================================================================================================
[2025-12-04 01:29:51,684][    INFO]       d1,       d2,       d3,  abs_rel,   sq_rel,     rmse, rmse_log,    log10,    silog
[2025-12-04 01:29:51,684][    INFO]   18.259,   19.233,   19.417,    5.138,    7.984,   16.060,    3.694,    1.174,    3.397
[2025-12-04 01:29:51,684][    INFO] ==================================================================================================
[2025-12-04 01:29:52,111][    INFO] ===========> Epoch: 7/120, d1: 0.927, d2: 0.962, d3: 0.971
[2025-12-04 01:29:52,111][    INFO] ===========> Epoch: 7/120, abs_rel: 0.254, sq_rel: 0.399, rmse: 0.784, rmse_log: 0.185, log10: 0.059, silog: 0.170

[2025-12-04 01:29:53,189][    INFO] Iter: 0/35, LR: 0.0000047, Loss: 0.136
[2025-12-04 01:30:17,690][    INFO] Validate
[2025-12-04 01:30:19,661][    INFO] ==================================================================================================
[2025-12-04 01:30:19,661][    INFO]       d1,       d2,       d3,  abs_rel,   sq_rel,     rmse, rmse_log,    log10,    silog
[2025-12-04 01:30:19,661][    INFO]   19.177,   19.527,   19.543,    5.122,    9.021,   12.775,    3.053,    0.964,    2.803
[2025-12-04 01:30:19,661][    INFO] ==================================================================================================
[2025-12-04 01:30:20,041][    INFO] ===========> Epoch: 8/120, d1: 0.959, d2: 0.976, d3: 0.977
[2025-12-04 01:30:20,041][    INFO] ===========> Epoch: 8/120, abs_rel: 0.254, sq_rel: 0.399, rmse: 0.639, rmse_log: 0.153, log10: 0.048, silog: 0.140

[2025-12-04 01:30:21,067][    INFO] Iter: 0/35, LR: 0.0000047, Loss: 0.082
[2025-12-04 01:30:45,614][    INFO] Validate
[2025-12-04 01:30:47,612][    INFO] ==================================================================================================
[2025-12-04 01:30:47,612][    INFO]       d1,       d2,       d3,  abs_rel,   sq_rel,     rmse, rmse_log,    log10,    silog
[2025-12-04 01:30:47,612][    INFO]   18.608,   19.234,   19.392,    4.854,    7.007,   15.084,    3.618,    1.137,    3.255
[2025-12-04 01:30:47,612][    INFO] ==================================================================================================
[2025-12-04 01:30:48,028][    INFO] ===========> Epoch: 9/120, d1: 0.959, d2: 0.976, d3: 0.977
[2025-12-04 01:30:48,028][    INFO] ===========> Epoch: 9/120, abs_rel: 0.243, sq_rel: 0.350, rmse: 0.639, rmse_log: 0.153, log10: 0.048, silog: 0.140

[2025-12-04 01:30:49,065][    INFO] Iter: 0/35, LR: 0.0000047, Loss: 0.070
[2025-12-04 01:31:13,591][    INFO] Validate
[2025-12-04 01:31:15,567][    INFO] ==================================================================================================
[2025-12-04 01:31:15,567][    INFO]       d1,       d2,       d3,  abs_rel,   sq_rel,     rmse, rmse_log,    log10,    silog
[2025-12-04 01:31:15,567][    INFO]   18.249,   19.136,   19.263,    4.577,    6.081,   13.840,    3.832,    1.201,    3.480
[2025-12-04 01:31:15,567][    INFO] ==================================================================================================
[2025-12-04 01:31:15,946][    INFO] ===========> Epoch: 10/120, d1: 0.959, d2: 0.976, d3: 0.977
[2025-12-04 01:31:15,946][    INFO] ===========> Epoch: 10/120, abs_rel: 0.229, sq_rel: 0.304, rmse: 0.639, rmse_log: 0.153, log10: 0.048, silog: 0.140

[2025-12-04 01:31:16,993][    INFO] Iter: 0/35, LR: 0.0000046, Loss: 0.125
[2025-12-04 01:31:41,590][    INFO] Validate
[2025-12-04 01:31:43,566][    INFO] ==================================================================================================
[2025-12-04 01:31:43,567][    INFO]       d1,       d2,       d3,  abs_rel,   sq_rel,     rmse, rmse_log,    log10,    silog
[2025-12-04 01:31:43,567][    INFO]   18.781,   19.344,   19.501,    4.623,    6.503,   12.674,    3.254,    1.064,    2.977
[2025-12-04 01:31:43,567][    INFO] ==================================================================================================
[2025-12-04 01:31:43,977][    INFO] ===========> Epoch: 11/120, d1: 0.959, d2: 0.976, d3: 0.977
[2025-12-04 01:31:43,977][    INFO] ===========> Epoch: 11/120, abs_rel: 0.229, sq_rel: 0.304, rmse: 0.634, rmse_log: 0.153, log10: 0.048, silog: 0.140

[2025-12-04 01:31:45,025][    INFO] Iter: 0/35, LR: 0.0000046, Loss: 0.092
[2025-12-04 01:32:09,599][    INFO] Validate
[2025-12-04 01:32:11,597][    INFO] ==================================================================================================
[2025-12-04 01:32:11,597][    INFO]       d1,       d2,       d3,  abs_rel,   sq_rel,     rmse, rmse_log,    log10,    silog
[2025-12-04 01:32:11,598][    INFO]   18.366,   19.196,   19.442,    4.199,    4.757,   13.623,    3.553,    1.161,    3.133
[2025-12-04 01:32:11,598][    INFO] ==================================================================================================
[2025-12-04 01:32:11,980][    INFO] ===========> Epoch: 12/120, d1: 0.959, d2: 0.976, d3: 0.977
[2025-12-04 01:32:11,980][    INFO] ===========> Epoch: 12/120, abs_rel: 0.210, sq_rel: 0.238, rmse: 0.634, rmse_log: 0.153, log10: 0.048, silog: 0.140

[2025-12-04 01:32:13,032][    INFO] Iter: 0/35, LR: 0.0000045, Loss: 0.126
[2025-12-04 01:32:37,670][    INFO] Validate
[2025-12-04 01:32:39,661][    INFO] ==================================================================================================
[2025-12-04 01:32:39,661][    INFO]       d1,       d2,       d3,  abs_rel,   sq_rel,     rmse, rmse_log,    log10,    silog
[2025-12-04 01:32:39,662][    INFO]   18.846,   19.369,   19.492,    4.803,    7.156,   13.463,    3.326,    1.079,    2.980
[2025-12-04 01:32:39,662][    INFO] ==================================================================================================
[2025-12-04 01:32:40,039][    INFO] ===========> Epoch: 13/120, d1: 0.959, d2: 0.976, d3: 0.977
[2025-12-04 01:32:40,039][    INFO] ===========> Epoch: 13/120, abs_rel: 0.210, sq_rel: 0.238, rmse: 0.634, rmse_log: 0.153, log10: 0.048, silog: 0.140

[2025-12-04 01:32:41,089][    INFO] Iter: 0/35, LR: 0.0000045, Loss: 0.090
[2025-12-04 01:33:05,752][    INFO] Validate
[2025-12-04 01:33:07,747][    INFO] ==================================================================================================
[2025-12-04 01:33:07,747][    INFO]       d1,       d2,       d3,  abs_rel,   sq_rel,     rmse, rmse_log,    log10,    silog
[2025-12-04 01:33:07,747][    INFO]   18.760,   19.408,   19.542,    4.904,    7.833,   14.246,    3.349,    1.074,    3.029
[2025-12-04 01:33:07,747][    INFO] ==================================================================================================
[2025-12-04 01:33:08,128][    INFO] ===========> Epoch: 14/120, d1: 0.959, d2: 0.976, d3: 0.977
[2025-12-04 01:33:08,128][    INFO] ===========> Epoch: 14/120, abs_rel: 0.210, sq_rel: 0.238, rmse: 0.634, rmse_log: 0.153, log10: 0.048, silog: 0.140

[2025-12-04 01:33:09,183][    INFO] Iter: 0/35, LR: 0.0000045, Loss: 0.088
[2025-12-04 01:33:33,989][    INFO] Validate
[2025-12-04 01:33:35,984][    INFO] ==================================================================================================
[2025-12-04 01:33:35,984][    INFO]       d1,       d2,       d3,  abs_rel,   sq_rel,     rmse, rmse_log,    log10,    silog
[2025-12-04 01:33:35,984][    INFO]   18.336,   19.471,   19.549,    4.319,    5.450,   13.024,    3.374,    1.104,    3.045
[2025-12-04 01:33:35,984][    INFO] ==================================================================================================
[2025-12-04 01:33:36,405][    INFO] ===========> Epoch: 15/120, d1: 0.959, d2: 0.976, d3: 0.977
[2025-12-04 01:33:36,406][    INFO] ===========> Epoch: 15/120, abs_rel: 0.210, sq_rel: 0.238, rmse: 0.634, rmse_log: 0.153, log10: 0.048, silog: 0.140

[2025-12-04 01:33:37,467][    INFO] Iter: 0/35, LR: 0.0000044, Loss: 0.117
[2025-12-04 01:34:02,305][    INFO] Validate
[2025-12-04 01:34:04,299][    INFO] ==================================================================================================
[2025-12-04 01:34:04,300][    INFO]       d1,       d2,       d3,  abs_rel,   sq_rel,     rmse, rmse_log,    log10,    silog
[2025-12-04 01:34:04,300][    INFO]   18.946,   19.436,   19.542,    5.160,    8.410,   15.138,    3.364,    1.107,    2.954
[2025-12-04 01:34:04,300][    INFO] ==================================================================================================
[2025-12-04 01:34:04,727][    INFO] ===========> Epoch: 16/120, d1: 0.959, d2: 0.976, d3: 0.977
[2025-12-04 01:34:04,727][    INFO] ===========> Epoch: 16/120, abs_rel: 0.210, sq_rel: 0.238, rmse: 0.634, rmse_log: 0.153, log10: 0.048, silog: 0.140

[2025-12-04 01:34:05,781][    INFO] Iter: 0/35, LR: 0.0000044, Loss: 0.084
[2025-12-04 01:34:30,476][    INFO] Validate
[2025-12-04 01:34:32,454][    INFO] ==================================================================================================
[2025-12-04 01:34:32,454][    INFO]       d1,       d2,       d3,  abs_rel,   sq_rel,     rmse, rmse_log,    log10,    silog
[2025-12-04 01:34:32,454][    INFO]   19.014,   19.535,   19.548,    4.459,    6.552,   13.695,    3.023,    0.984,    2.744
[2025-12-04 01:34:32,454][    INFO] ==================================================================================================
[2025-12-04 01:34:32,875][    INFO] ===========> Epoch: 17/120, d1: 0.959, d2: 0.977, d3: 0.977
[2025-12-04 01:34:32,875][    INFO] ===========> Epoch: 17/120, abs_rel: 0.210, sq_rel: 0.238, rmse: 0.634, rmse_log: 0.151, log10: 0.048, silog: 0.137

[2025-12-04 01:34:33,932][    INFO] Iter: 0/35, LR: 0.0000044, Loss: 0.088
[2025-12-04 01:34:58,713][    INFO] Validate
[2025-12-04 01:35:00,716][    INFO] ==================================================================================================
[2025-12-04 01:35:00,716][    INFO]       d1,       d2,       d3,  abs_rel,   sq_rel,     rmse, rmse_log,    log10,    silog
[2025-12-04 01:35:00,716][    INFO]   18.952,   19.515,   19.543,    4.917,    8.533,   11.300,    2.998,    0.925,    2.743
[2025-12-04 01:35:00,716][    INFO] ==================================================================================================
[2025-12-04 01:35:01,142][    INFO] ===========> Epoch: 18/120, d1: 0.959, d2: 0.977, d3: 0.977
[2025-12-04 01:35:01,142][    INFO] ===========> Epoch: 18/120, abs_rel: 0.210, sq_rel: 0.238, rmse: 0.565, rmse_log: 0.150, log10: 0.046, silog: 0.137

[2025-12-04 01:35:02,198][    INFO] Iter: 0/35, LR: 0.0000043, Loss: 0.066
[2025-12-04 01:35:27,079][    INFO] Validate
[2025-12-04 01:35:29,067][    INFO] ==================================================================================================
[2025-12-04 01:35:29,067][    INFO]       d1,       d2,       d3,  abs_rel,   sq_rel,     rmse, rmse_log,    log10,    silog
[2025-12-04 01:35:29,068][    INFO]   19.045,   19.464,   19.543,    5.120,    9.384,   11.497,    3.057,    0.944,    2.770
[2025-12-04 01:35:29,068][    INFO] ==================================================================================================
[2025-12-04 01:35:29,492][    INFO] ===========> Epoch: 19/120, d1: 0.959, d2: 0.977, d3: 0.977
[2025-12-04 01:35:29,492][    INFO] ===========> Epoch: 19/120, abs_rel: 0.210, sq_rel: 0.238, rmse: 0.565, rmse_log: 0.150, log10: 0.046, silog: 0.137

[2025-12-04 01:35:30,561][    INFO] Iter: 0/35, LR: 0.0000043, Loss: 0.076
[2025-12-04 01:35:55,414][    INFO] Validate
[2025-12-04 01:35:57,407][    INFO] ==================================================================================================
[2025-12-04 01:35:57,407][    INFO]       d1,       d2,       d3,  abs_rel,   sq_rel,     rmse, rmse_log,    log10,    silog
[2025-12-04 01:35:57,408][    INFO]   18.791,   19.232,   19.493,    5.159,    9.198,   11.827,    3.327,    1.032,    3.019
[2025-12-04 01:35:57,408][    INFO] ==================================================================================================
[2025-12-04 01:35:57,789][    INFO] ===========> Epoch: 20/120, d1: 0.959, d2: 0.977, d3: 0.977
[2025-12-04 01:35:57,789][    INFO] ===========> Epoch: 20/120, abs_rel: 0.210, sq_rel: 0.238, rmse: 0.565, rmse_log: 0.150, log10: 0.046, silog: 0.137

[2025-12-04 01:35:58,818][    INFO] Iter: 0/35, LR: 0.0000042, Loss: 0.086
[2025-12-04 01:36:23,755][    INFO] Validate
[2025-12-04 01:36:25,743][    INFO] ==================================================================================================
[2025-12-04 01:36:25,743][    INFO]       d1,       d2,       d3,  abs_rel,   sq_rel,     rmse, rmse_log,    log10,    silog
[2025-12-04 01:36:25,743][    INFO]   19.249,   19.528,   19.539,    5.614,   11.870,   11.945,    3.027,    0.979,    2.692
[2025-12-04 01:36:25,743][    INFO] ==================================================================================================
[2025-12-04 01:36:26,110][    INFO] ===========> Epoch: 21/120, d1: 0.962, d2: 0.977, d3: 0.977
[2025-12-04 01:36:26,110][    INFO] ===========> Epoch: 21/120, abs_rel: 0.210, sq_rel: 0.238, rmse: 0.565, rmse_log: 0.150, log10: 0.046, silog: 0.135

[2025-12-04 01:36:27,169][    INFO] Iter: 0/35, LR: 0.0000042, Loss: 0.058
[2025-12-04 01:36:52,095][    INFO] Validate
[2025-12-04 01:36:54,080][    INFO] ==================================================================================================
[2025-12-04 01:36:54,081][    INFO]       d1,       d2,       d3,  abs_rel,   sq_rel,     rmse, rmse_log,    log10,    silog
[2025-12-04 01:36:54,081][    INFO]   18.952,   19.262,   19.543,    4.669,    7.886,   10.599,    3.025,    0.924,    2.759
[2025-12-04 01:36:54,081][    INFO] ==================================================================================================
[2025-12-04 01:36:54,456][    INFO] ===========> Epoch: 22/120, d1: 0.962, d2: 0.977, d3: 0.977
[2025-12-04 01:36:54,456][    INFO] ===========> Epoch: 22/120, abs_rel: 0.210, sq_rel: 0.238, rmse: 0.530, rmse_log: 0.150, log10: 0.046, silog: 0.135

[2025-12-04 01:36:55,529][    INFO] Iter: 0/35, LR: 0.0000042, Loss: 0.064
[2025-12-04 01:37:20,387][    INFO] Validate
[2025-12-04 01:37:22,373][    INFO] ==================================================================================================
[2025-12-04 01:37:22,373][    INFO]       d1,       d2,       d3,  abs_rel,   sq_rel,     rmse, rmse_log,    log10,    silog
[2025-12-04 01:37:22,373][    INFO]   18.986,   19.331,   19.541,    4.749,    8.159,   11.164,    2.997,    0.929,    2.712
[2025-12-04 01:37:22,373][    INFO] ==================================================================================================
[2025-12-04 01:37:22,759][    INFO] ===========> Epoch: 23/120, d1: 0.962, d2: 0.977, d3: 0.977
[2025-12-04 01:37:22,759][    INFO] ===========> Epoch: 23/120, abs_rel: 0.210, sq_rel: 0.238, rmse: 0.530, rmse_log: 0.150, log10: 0.046, silog: 0.135

[2025-12-04 01:37:23,810][    INFO] Iter: 0/35, LR: 0.0000041, Loss: 0.058
[2025-12-04 01:37:48,528][    INFO] Validate
[2025-12-04 01:37:50,518][    INFO] ==================================================================================================
[2025-12-04 01:37:50,518][    INFO]       d1,       d2,       d3,  abs_rel,   sq_rel,     rmse, rmse_log,    log10,    silog
[2025-12-04 01:37:50,519][    INFO]   19.256,   19.531,   19.545,    4.348,    6.347,   11.667,    2.822,    0.901,    2.528
[2025-12-04 01:37:50,519][    INFO] ==================================================================================================
[2025-12-04 01:37:50,908][    INFO] ===========> Epoch: 24/120, d1: 0.963, d2: 0.977, d3: 0.977
[2025-12-04 01:37:50,908][    INFO] ===========> Epoch: 24/120, abs_rel: 0.210, sq_rel: 0.238, rmse: 0.530, rmse_log: 0.141, log10: 0.045, silog: 0.126

[2025-12-04 01:37:51,967][    INFO] Iter: 0/35, LR: 0.0000041, Loss: 0.068
[2025-12-04 01:38:16,733][    INFO] Validate
[2025-12-04 01:38:18,738][    INFO] ==================================================================================================
[2025-12-04 01:38:18,738][    INFO]       d1,       d2,       d3,  abs_rel,   sq_rel,     rmse, rmse_log,    log10,    silog
[2025-12-04 01:38:18,739][    INFO]   19.394,   19.532,   19.544,    4.933,    8.830,   10.702,    2.824,    0.882,    2.555
[2025-12-04 01:38:18,739][    INFO] ==================================================================================================
[2025-12-04 01:38:19,124][    INFO] ===========> Epoch: 25/120, d1: 0.970, d2: 0.977, d3: 0.977
[2025-12-04 01:38:19,124][    INFO] ===========> Epoch: 25/120, abs_rel: 0.210, sq_rel: 0.238, rmse: 0.530, rmse_log: 0.141, log10: 0.044, silog: 0.126

[2025-12-04 01:38:20,162][    INFO] Iter: 0/35, LR: 0.0000041, Loss: 0.061
[2025-12-04 01:38:44,928][    INFO] Validate
[2025-12-04 01:38:46,927][    INFO] ==================================================================================================
[2025-12-04 01:38:46,927][    INFO]       d1,       d2,       d3,  abs_rel,   sq_rel,     rmse, rmse_log,    log10,    silog
[2025-12-04 01:38:46,927][    INFO]   19.287,   19.532,   19.543,    4.809,    8.255,   11.381,    2.904,    0.910,    2.635
[2025-12-04 01:38:46,927][    INFO] ==================================================================================================
[2025-12-04 01:38:47,313][    INFO] ===========> Epoch: 26/120, d1: 0.970, d2: 0.977, d3: 0.977
[2025-12-04 01:38:47,313][    INFO] ===========> Epoch: 26/120, abs_rel: 0.210, sq_rel: 0.238, rmse: 0.530, rmse_log: 0.141, log10: 0.044, silog: 0.126

[2025-12-04 01:38:48,349][    INFO] Iter: 0/35, LR: 0.0000040, Loss: 0.068
[2025-12-04 01:39:13,105][    INFO] Validate
[2025-12-04 01:39:15,115][    INFO] ==================================================================================================
[2025-12-04 01:39:15,115][    INFO]       d1,       d2,       d3,  abs_rel,   sq_rel,     rmse, rmse_log,    log10,    silog
[2025-12-04 01:39:15,115][    INFO]   19.139,   19.532,   19.544,    4.888,    8.653,   11.046,    2.894,    0.897,    2.640
[2025-12-04 01:39:15,115][    INFO] ==================================================================================================
[2025-12-04 01:39:15,497][    INFO] ===========> Epoch: 27/120, d1: 0.970, d2: 0.977, d3: 0.977
[2025-12-04 01:39:15,497][    INFO] ===========> Epoch: 27/120, abs_rel: 0.210, sq_rel: 0.238, rmse: 0.530, rmse_log: 0.141, log10: 0.044, silog: 0.126

[2025-12-04 01:39:16,555][    INFO] Iter: 0/35, LR: 0.0000040, Loss: 0.068
[2025-12-04 01:39:41,375][    INFO] Validate
[2025-12-04 01:39:43,375][    INFO] ==================================================================================================
[2025-12-04 01:39:43,376][    INFO]       d1,       d2,       d3,  abs_rel,   sq_rel,     rmse, rmse_log,    log10,    silog
[2025-12-04 01:39:43,376][    INFO]   18.966,   19.509,   19.548,    4.295,    6.176,   10.620,    2.926,    0.938,    2.616
[2025-12-04 01:39:43,376][    INFO] ==================================================================================================
[2025-12-04 01:39:43,854][    INFO] ===========> Epoch: 28/120, d1: 0.970, d2: 0.977, d3: 0.977
[2025-12-04 01:39:43,854][    INFO] ===========> Epoch: 28/120, abs_rel: 0.210, sq_rel: 0.238, rmse: 0.530, rmse_log: 0.141, log10: 0.044, silog: 0.126

[2025-12-04 01:39:44,914][    INFO] Iter: 0/35, LR: 0.0000039, Loss: 0.078
[2025-12-04 01:40:09,652][    INFO] Validate
[2025-12-04 01:40:11,641][    INFO] ==================================================================================================
[2025-12-04 01:40:11,642][    INFO]       d1,       d2,       d3,  abs_rel,   sq_rel,     rmse, rmse_log,    log10,    silog
[2025-12-04 01:40:11,642][    INFO]   19.065,   19.505,   19.545,    4.651,    7.390,   11.020,    2.953,    0.956,    2.638
[2025-12-04 01:40:11,642][    INFO] ==================================================================================================
[2025-12-04 01:40:12,012][    INFO] ===========> Epoch: 29/120, d1: 0.970, d2: 0.977, d3: 0.977
[2025-12-04 01:40:12,012][    INFO] ===========> Epoch: 29/120, abs_rel: 0.210, sq_rel: 0.238, rmse: 0.530, rmse_log: 0.141, log10: 0.044, silog: 0.126

[2025-12-04 01:40:13,063][    INFO] Iter: 0/35, LR: 0.0000039, Loss: 0.077
[2025-12-04 01:40:37,794][    INFO] Validate
[2025-12-04 01:40:39,786][    INFO] ==================================================================================================
[2025-12-04 01:40:39,787][    INFO]       d1,       d2,       d3,  abs_rel,   sq_rel,     rmse, rmse_log,    log10,    silog
[2025-12-04 01:40:39,787][    INFO]   19.128,   19.456,   19.547,    4.179,    6.201,    9.655,    2.736,    0.849,    2.493
[2025-12-04 01:40:39,787][    INFO] ==================================================================================================
[2025-12-04 01:40:40,167][    INFO] ===========> Epoch: 30/120, d1: 0.970, d2: 0.977, d3: 0.977
[2025-12-04 01:40:40,167][    INFO] ===========> Epoch: 30/120, abs_rel: 0.209, sq_rel: 0.238, rmse: 0.483, rmse_log: 0.137, log10: 0.042, silog: 0.125

[2025-12-04 01:40:41,222][    INFO] Iter: 0/35, LR: 0.0000039, Loss: 0.060
[2025-12-04 01:41:06,020][    INFO] Validate
[2025-12-04 01:41:08,024][    INFO] ==================================================================================================
[2025-12-04 01:41:08,024][    INFO]       d1,       d2,       d3,  abs_rel,   sq_rel,     rmse, rmse_log,    log10,    silog
[2025-12-04 01:41:08,024][    INFO]   19.386,   19.531,   19.542,    5.175,    9.315,   10.601,    2.935,    0.936,    2.586
[2025-12-04 01:41:08,024][    INFO] ==================================================================================================
[2025-12-04 01:41:08,405][    INFO] ===========> Epoch: 31/120, d1: 0.970, d2: 0.977, d3: 0.977
[2025-12-04 01:41:08,405][    INFO] ===========> Epoch: 31/120, abs_rel: 0.209, sq_rel: 0.238, rmse: 0.483, rmse_log: 0.137, log10: 0.042, silog: 0.125

[2025-12-04 01:41:09,448][    INFO] Iter: 0/35, LR: 0.0000038, Loss: 0.075
[2025-12-04 01:41:34,285][    INFO] Validate
[2025-12-04 01:41:36,289][    INFO] ==================================================================================================
[2025-12-04 01:41:36,289][    INFO]       d1,       d2,       d3,  abs_rel,   sq_rel,     rmse, rmse_log,    log10,    silog
[2025-12-04 01:41:36,290][    INFO]   19.351,   19.533,   19.544,    4.656,    7.318,   10.486,    2.849,    0.900,    2.540
[2025-12-04 01:41:36,290][    INFO] ==================================================================================================
[2025-12-04 01:41:36,737][    INFO] ===========> Epoch: 32/120, d1: 0.970, d2: 0.977, d3: 0.977
[2025-12-04 01:41:36,737][    INFO] ===========> Epoch: 32/120, abs_rel: 0.209, sq_rel: 0.238, rmse: 0.483, rmse_log: 0.137, log10: 0.042, silog: 0.125

[2025-12-04 01:41:37,809][    INFO] Iter: 0/35, LR: 0.0000038, Loss: 0.054
[2025-12-04 01:42:02,592][    INFO] Validate
[2025-12-04 01:42:04,567][    INFO] ==================================================================================================
[2025-12-04 01:42:04,567][    INFO]       d1,       d2,       d3,  abs_rel,   sq_rel,     rmse, rmse_log,    log10,    silog
[2025-12-04 01:42:04,568][    INFO]   19.397,   19.534,   19.547,    4.267,    5.927,   10.154,    2.732,    0.879,    2.422
[2025-12-04 01:42:04,568][    INFO] ==================================================================================================
[2025-12-04 01:42:05,006][    INFO] ===========> Epoch: 33/120, d1: 0.970, d2: 0.977, d3: 0.977
[2025-12-04 01:42:05,006][    INFO] ===========> Epoch: 33/120, abs_rel: 0.209, sq_rel: 0.238, rmse: 0.483, rmse_log: 0.137, log10: 0.042, silog: 0.121

[2025-12-04 01:42:06,055][    INFO] Iter: 0/35, LR: 0.0000037, Loss: 0.056
[2025-12-04 01:42:30,858][    INFO] Validate
[2025-12-04 01:42:32,868][    INFO] ==================================================================================================
[2025-12-04 01:42:32,868][    INFO]       d1,       d2,       d3,  abs_rel,   sq_rel,     rmse, rmse_log,    log10,    silog
[2025-12-04 01:42:32,868][    INFO]   19.415,   19.534,   19.545,    4.333,    6.803,    9.441,    2.616,    0.806,    2.370
[2025-12-04 01:42:32,868][    INFO] ==================================================================================================
[2025-12-04 01:42:33,301][    INFO] ===========> Epoch: 34/120, d1: 0.971, d2: 0.977, d3: 0.977
[2025-12-04 01:42:33,301][    INFO] ===========> Epoch: 34/120, abs_rel: 0.209, sq_rel: 0.238, rmse: 0.472, rmse_log: 0.131, log10: 0.040, silog: 0.119

[2025-12-04 01:42:34,375][    INFO] Iter: 0/35, LR: 0.0000037, Loss: 0.048
[2025-12-04 01:42:59,121][    INFO] Validate
[2025-12-04 01:43:01,104][    INFO] ==================================================================================================
[2025-12-04 01:43:01,104][    INFO]       d1,       d2,       d3,  abs_rel,   sq_rel,     rmse, rmse_log,    log10,    silog
[2025-12-04 01:43:01,105][    INFO]   19.432,   19.533,   19.544,    4.272,    6.594,    9.731,    2.610,    0.811,    2.360
[2025-12-04 01:43:01,105][    INFO] ==================================================================================================
[2025-12-04 01:43:01,529][    INFO] ===========> Epoch: 35/120, d1: 0.972, d2: 0.977, d3: 0.977
[2025-12-04 01:43:01,529][    INFO] ===========> Epoch: 35/120, abs_rel: 0.209, sq_rel: 0.238, rmse: 0.472, rmse_log: 0.130, log10: 0.040, silog: 0.118

[2025-12-04 01:43:02,601][    INFO] Iter: 0/35, LR: 0.0000037, Loss: 0.051
[2025-12-04 01:43:27,361][    INFO] Validate
[2025-12-04 01:43:29,344][    INFO] ==================================================================================================
[2025-12-04 01:43:29,344][    INFO]       d1,       d2,       d3,  abs_rel,   sq_rel,     rmse, rmse_log,    log10,    silog
[2025-12-04 01:43:29,345][    INFO]   18.849,   19.433,   19.549,    3.991,    4.878,   10.288,    2.947,    0.951,    2.628
[2025-12-04 01:43:29,345][    INFO] ==================================================================================================
[2025-12-04 01:43:29,779][    INFO] ===========> Epoch: 36/120, d1: 0.972, d2: 0.977, d3: 0.977
[2025-12-04 01:43:29,779][    INFO] ===========> Epoch: 36/120, abs_rel: 0.200, sq_rel: 0.238, rmse: 0.472, rmse_log: 0.130, log10: 0.040, silog: 0.118

[2025-12-04 01:43:30,829][    INFO] Iter: 0/35, LR: 0.0000036, Loss: 0.092
[2025-12-04 01:43:55,606][    INFO] Validate
[2025-12-04 01:43:57,595][    INFO] ==================================================================================================
[2025-12-04 01:43:57,596][    INFO]       d1,       d2,       d3,  abs_rel,   sq_rel,     rmse, rmse_log,    log10,    silog
[2025-12-04 01:43:57,596][    INFO]   18.862,   19.232,   19.545,    3.975,    4.499,   10.385,    3.088,    1.019,    2.720
[2025-12-04 01:43:57,596][    INFO] ==================================================================================================
[2025-12-04 01:43:58,015][    INFO] ===========> Epoch: 37/120, d1: 0.972, d2: 0.977, d3: 0.977
[2025-12-04 01:43:58,015][    INFO] ===========> Epoch: 37/120, abs_rel: 0.199, sq_rel: 0.225, rmse: 0.472, rmse_log: 0.130, log10: 0.040, silog: 0.118

[2025-12-04 01:43:59,033][    INFO] Iter: 0/35, LR: 0.0000036, Loss: 0.093
[2025-12-04 01:44:23,794][    INFO] Validate
[2025-12-04 01:44:25,795][    INFO] ==================================================================================================
[2025-12-04 01:44:25,795][    INFO]       d1,       d2,       d3,  abs_rel,   sq_rel,     rmse, rmse_log,    log10,    silog
[2025-12-04 01:44:25,796][    INFO]   19.180,   19.528,   19.546,    4.128,    6.143,    9.339,    2.622,    0.816,    2.378
[2025-12-04 01:44:25,796][    INFO] ==================================================================================================
[2025-12-04 01:44:26,233][    INFO] ===========> Epoch: 38/120, d1: 0.972, d2: 0.977, d3: 0.977
[2025-12-04 01:44:26,233][    INFO] ===========> Epoch: 38/120, abs_rel: 0.199, sq_rel: 0.225, rmse: 0.467, rmse_log: 0.130, log10: 0.040, silog: 0.118

[2025-12-04 01:44:27,312][    INFO] Iter: 0/35, LR: 0.0000035, Loss: 0.062
[2025-12-04 01:44:52,093][    INFO] Validate
[2025-12-04 01:44:54,091][    INFO] ==================================================================================================
[2025-12-04 01:44:54,091][    INFO]       d1,       d2,       d3,  abs_rel,   sq_rel,     rmse, rmse_log,    log10,    silog
[2025-12-04 01:44:54,091][    INFO]   19.454,   19.533,   19.544,    4.166,    6.312,    9.066,    2.558,    0.795,    2.304
[2025-12-04 01:44:54,091][    INFO] ==================================================================================================
[2025-12-04 01:44:54,481][    INFO] ===========> Epoch: 39/120, d1: 0.973, d2: 0.977, d3: 0.977
[2025-12-04 01:44:54,481][    INFO] ===========> Epoch: 39/120, abs_rel: 0.199, sq_rel: 0.225, rmse: 0.453, rmse_log: 0.128, log10: 0.040, silog: 0.115

[2025-12-04 01:44:55,552][    INFO] Iter: 0/35, LR: 0.0000035, Loss: 0.055
[2025-12-04 01:45:20,277][    INFO] Validate
[2025-12-04 01:45:22,263][    INFO] ==================================================================================================
[2025-12-04 01:45:22,263][    INFO]       d1,       d2,       d3,  abs_rel,   sq_rel,     rmse, rmse_log,    log10,    silog
[2025-12-04 01:45:22,263][    INFO]   19.255,   19.530,   19.542,    4.453,    6.772,    9.855,    2.752,    0.885,    2.428
[2025-12-04 01:45:22,264][    INFO] ==================================================================================================
[2025-12-04 01:45:22,641][    INFO] ===========> Epoch: 40/120, d1: 0.973, d2: 0.977, d3: 0.977
[2025-12-04 01:45:22,641][    INFO] ===========> Epoch: 40/120, abs_rel: 0.199, sq_rel: 0.225, rmse: 0.453, rmse_log: 0.128, log10: 0.040, silog: 0.115

[2025-12-04 01:45:23,730][    INFO] Iter: 0/35, LR: 0.0000035, Loss: 0.066
[2025-12-04 01:45:48,454][    INFO] Validate
[2025-12-04 01:45:50,442][    INFO] ==================================================================================================
[2025-12-04 01:45:50,442][    INFO]       d1,       d2,       d3,  abs_rel,   sq_rel,     rmse, rmse_log,    log10,    silog
[2025-12-04 01:45:50,442][    INFO]   19.463,   19.534,   19.545,    3.903,    5.609,    8.778,    2.441,    0.752,    2.215
[2025-12-04 01:45:50,442][    INFO] ==================================================================================================
[2025-12-04 01:45:50,838][    INFO] ===========> Epoch: 41/120, d1: 0.973, d2: 0.977, d3: 0.977
[2025-12-04 01:45:50,839][    INFO] ===========> Epoch: 41/120, abs_rel: 0.195, sq_rel: 0.225, rmse: 0.439, rmse_log: 0.122, log10: 0.038, silog: 0.111

[2025-12-04 01:45:51,895][    INFO] Iter: 0/35, LR: 0.0000034, Loss: 0.057
[2025-12-04 01:46:16,692][    INFO] Validate
[2025-12-04 01:46:18,693][    INFO] ==================================================================================================
[2025-12-04 01:46:18,694][    INFO]       d1,       d2,       d3,  abs_rel,   sq_rel,     rmse, rmse_log,    log10,    silog
[2025-12-04 01:46:18,694][    INFO]   19.299,   19.533,   19.544,    3.860,    5.293,    8.742,    2.504,    0.773,    2.272
[2025-12-04 01:46:18,694][    INFO] ==================================================================================================
[2025-12-04 01:46:19,126][    INFO] ===========> Epoch: 42/120, d1: 0.973, d2: 0.977, d3: 0.977
[2025-12-04 01:46:19,126][    INFO] ===========> Epoch: 42/120, abs_rel: 0.193, sq_rel: 0.225, rmse: 0.437, rmse_log: 0.122, log10: 0.038, silog: 0.111

[2025-12-04 01:46:20,173][    INFO] Iter: 0/35, LR: 0.0000034, Loss: 0.047
[2025-12-04 01:46:44,933][    INFO] Validate
[2025-12-04 01:46:46,930][    INFO] ==================================================================================================
[2025-12-04 01:46:46,930][    INFO]       d1,       d2,       d3,  abs_rel,   sq_rel,     rmse, rmse_log,    log10,    silog
[2025-12-04 01:46:46,931][    INFO]   19.068,   19.533,   19.547,    4.098,    5.410,    9.874,    2.819,    0.909,    2.522
[2025-12-04 01:46:46,931][    INFO] ==================================================================================================
[2025-12-04 01:46:47,371][    INFO] ===========> Epoch: 43/120, d1: 0.973, d2: 0.977, d3: 0.977
[2025-12-04 01:46:47,372][    INFO] ===========> Epoch: 43/120, abs_rel: 0.193, sq_rel: 0.225, rmse: 0.437, rmse_log: 0.122, log10: 0.038, silog: 0.111

[2025-12-04 01:46:48,431][    INFO] Iter: 0/35, LR: 0.0000034, Loss: 0.079
[2025-12-04 01:47:13,266][    INFO] Validate
[2025-12-04 01:47:15,258][    INFO] ==================================================================================================
[2025-12-04 01:47:15,258][    INFO]       d1,       d2,       d3,  abs_rel,   sq_rel,     rmse, rmse_log,    log10,    silog
[2025-12-04 01:47:15,259][    INFO]   19.232,   19.534,   19.546,    4.105,    5.631,   10.366,    2.716,    0.877,    2.413
[2025-12-04 01:47:15,259][    INFO] ==================================================================================================
[2025-12-04 01:47:15,647][    INFO] ===========> Epoch: 44/120, d1: 0.973, d2: 0.977, d3: 0.977
[2025-12-04 01:47:15,647][    INFO] ===========> Epoch: 44/120, abs_rel: 0.193, sq_rel: 0.225, rmse: 0.437, rmse_log: 0.122, log10: 0.038, silog: 0.111

[2025-12-04 01:47:16,724][    INFO] Iter: 0/35, LR: 0.0000033, Loss: 0.071
[2025-12-04 01:47:41,551][    INFO] Validate
[2025-12-04 01:47:43,526][    INFO] ==================================================================================================
[2025-12-04 01:47:43,526][    INFO]       d1,       d2,       d3,  abs_rel,   sq_rel,     rmse, rmse_log,    log10,    silog
[2025-12-04 01:47:43,527][    INFO]   19.043,   19.531,   19.547,    3.826,    4.701,    9.404,    2.722,    0.872,    2.431
[2025-12-04 01:47:43,527][    INFO] ==================================================================================================
[2025-12-04 01:47:43,905][    INFO] ===========> Epoch: 45/120, d1: 0.973, d2: 0.977, d3: 0.977
[2025-12-04 01:47:43,905][    INFO] ===========> Epoch: 45/120, abs_rel: 0.191, sq_rel: 0.225, rmse: 0.437, rmse_log: 0.122, log10: 0.038, silog: 0.111

[2025-12-04 01:47:44,943][    INFO] Iter: 0/35, LR: 0.0000033, Loss: 0.068
[2025-12-04 01:48:09,755][    INFO] Validate
[2025-12-04 01:48:11,745][    INFO] ==================================================================================================
[2025-12-04 01:48:11,745][    INFO]       d1,       d2,       d3,  abs_rel,   sq_rel,     rmse, rmse_log,    log10,    silog
[2025-12-04 01:48:11,746][    INFO]   19.053,   19.235,   19.545,    4.026,    5.328,    9.667,    2.849,    0.906,    2.519
[2025-12-04 01:48:11,746][    INFO] ==================================================================================================
[2025-12-04 01:48:12,192][    INFO] ===========> Epoch: 46/120, d1: 0.973, d2: 0.977, d3: 0.977
[2025-12-04 01:48:12,192][    INFO] ===========> Epoch: 46/120, abs_rel: 0.191, sq_rel: 0.225, rmse: 0.437, rmse_log: 0.122, log10: 0.038, silog: 0.111

[2025-12-04 01:48:13,280][    INFO] Iter: 0/35, LR: 0.0000032, Loss: 0.071
[2025-12-04 01:48:38,151][    INFO] Validate
[2025-12-04 01:48:40,128][    INFO] ==================================================================================================
[2025-12-04 01:48:40,128][    INFO]       d1,       d2,       d3,  abs_rel,   sq_rel,     rmse, rmse_log,    log10,    silog
[2025-12-04 01:48:40,129][    INFO]   19.460,   19.532,   19.542,    4.339,    7.019,    8.862,    2.558,    0.811,    2.285
[2025-12-04 01:48:40,129][    INFO] ==================================================================================================
[2025-12-04 01:48:40,552][    INFO] ===========> Epoch: 47/120, d1: 0.973, d2: 0.977, d3: 0.977
[2025-12-04 01:48:40,552][    INFO] ===========> Epoch: 47/120, abs_rel: 0.191, sq_rel: 0.225, rmse: 0.437, rmse_log: 0.122, log10: 0.038, silog: 0.111

[2025-12-04 01:48:41,610][    INFO] Iter: 0/35, LR: 0.0000032, Loss: 0.056
[2025-12-04 01:49:06,517][    INFO] Validate
[2025-12-04 01:49:08,507][    INFO] ==================================================================================================
[2025-12-04 01:49:08,507][    INFO]       d1,       d2,       d3,  abs_rel,   sq_rel,     rmse, rmse_log,    log10,    silog
[2025-12-04 01:49:08,508][    INFO]   19.435,   19.534,   19.546,    4.024,    5.693,    9.017,    2.583,    0.811,    2.327
[2025-12-04 01:49:08,508][    INFO] ==================================================================================================
[2025-12-04 01:49:08,932][    INFO] ===========> Epoch: 48/120, d1: 0.973, d2: 0.977, d3: 0.977
[2025-12-04 01:49:08,932][    INFO] ===========> Epoch: 48/120, abs_rel: 0.191, sq_rel: 0.225, rmse: 0.437, rmse_log: 0.122, log10: 0.038, silog: 0.111

[2025-12-04 01:49:10,041][    INFO] Iter: 0/35, LR: 0.0000032, Loss: 0.070
[2025-12-04 01:49:34,919][    INFO] Validate
[2025-12-04 01:49:36,908][    INFO] ==================================================================================================
[2025-12-04 01:49:36,908][    INFO]       d1,       d2,       d3,  abs_rel,   sq_rel,     rmse, rmse_log,    log10,    silog
[2025-12-04 01:49:36,908][    INFO]   19.169,   19.533,   19.547,    3.873,    5.237,    8.720,    2.523,    0.792,    2.304
[2025-12-04 01:49:36,908][    INFO] ==================================================================================================
[2025-12-04 01:49:37,326][    INFO] ===========> Epoch: 49/120, d1: 0.973, d2: 0.977, d3: 0.977
[2025-12-04 01:49:37,326][    INFO] ===========> Epoch: 49/120, abs_rel: 0.191, sq_rel: 0.225, rmse: 0.436, rmse_log: 0.122, log10: 0.038, silog: 0.111

[2025-12-04 01:49:38,403][    INFO] Iter: 0/35, LR: 0.0000031, Loss: 0.053
[2025-12-04 01:50:03,284][    INFO] Validate
[2025-12-04 01:50:05,272][    INFO] ==================================================================================================
[2025-12-04 01:50:05,272][    INFO]       d1,       d2,       d3,  abs_rel,   sq_rel,     rmse, rmse_log,    log10,    silog
[2025-12-04 01:50:05,272][    INFO]   19.039,   19.288,   19.546,    3.831,    4.923,    9.076,    2.748,    0.848,    2.491
[2025-12-04 01:50:05,272][    INFO] ==================================================================================================
[2025-12-04 01:50:05,695][    INFO] ===========> Epoch: 50/120, d1: 0.973, d2: 0.977, d3: 0.977
[2025-12-04 01:50:05,695][    INFO] ===========> Epoch: 50/120, abs_rel: 0.191, sq_rel: 0.225, rmse: 0.436, rmse_log: 0.122, log10: 0.038, silog: 0.111

[2025-12-04 01:50:06,754][    INFO] Iter: 0/35, LR: 0.0000031, Loss: 0.068
[2025-12-04 01:50:31,639][    INFO] Validate
[2025-12-04 01:50:33,648][    INFO] ==================================================================================================
[2025-12-04 01:50:33,648][    INFO]       d1,       d2,       d3,  abs_rel,   sq_rel,     rmse, rmse_log,    log10,    silog
[2025-12-04 01:50:33,649][    INFO]   19.244,   19.532,   19.545,    3.874,    5.467,    8.274,    2.473,    0.758,    2.247
[2025-12-04 01:50:33,649][    INFO] ==================================================================================================
[2025-12-04 01:50:34,090][    INFO] ===========> Epoch: 51/120, d1: 0.973, d2: 0.977, d3: 0.977
[2025-12-04 01:50:34,091][    INFO] ===========> Epoch: 51/120, abs_rel: 0.191, sq_rel: 0.225, rmse: 0.414, rmse_log: 0.122, log10: 0.038, silog: 0.111

[2025-12-04 01:50:35,131][    INFO] Iter: 0/35, LR: 0.0000030, Loss: 0.044
[2025-12-04 01:51:00,067][    INFO] Validate
[2025-12-04 01:51:02,056][    INFO] ==================================================================================================
[2025-12-04 01:51:02,056][    INFO]       d1,       d2,       d3,  abs_rel,   sq_rel,     rmse, rmse_log,    log10,    silog
[2025-12-04 01:51:02,056][    INFO]   19.052,   19.512,   19.547,    3.711,    4.474,    8.982,    2.697,    0.847,    2.414
[2025-12-04 01:51:02,056][    INFO] ==================================================================================================
[2025-12-04 01:51:02,505][    INFO] ===========> Epoch: 52/120, d1: 0.973, d2: 0.977, d3: 0.977
[2025-12-04 01:51:02,506][    INFO] ===========> Epoch: 52/120, abs_rel: 0.186, sq_rel: 0.224, rmse: 0.414, rmse_log: 0.122, log10: 0.038, silog: 0.111

[2025-12-04 01:51:03,601][    INFO] Iter: 0/35, LR: 0.0000030, Loss: 0.075
[2025-12-04 01:51:28,460][    INFO] Validate
[2025-12-04 01:51:30,445][    INFO] ==================================================================================================
[2025-12-04 01:51:30,445][    INFO]       d1,       d2,       d3,  abs_rel,   sq_rel,     rmse, rmse_log,    log10,    silog
[2025-12-04 01:51:30,446][    INFO]   19.283,   19.533,   19.546,    3.864,    5.434,    8.846,    2.503,    0.779,    2.235
[2025-12-04 01:51:30,446][    INFO] ==================================================================================================
[2025-12-04 01:51:30,841][    INFO] ===========> Epoch: 53/120, d1: 0.973, d2: 0.977, d3: 0.977
[2025-12-04 01:51:30,842][    INFO] ===========> Epoch: 53/120, abs_rel: 0.186, sq_rel: 0.224, rmse: 0.414, rmse_log: 0.122, log10: 0.038, silog: 0.111

[2025-12-04 01:51:31,895][    INFO] Iter: 0/35, LR: 0.0000030, Loss: 0.054
[2025-12-04 01:51:56,867][    INFO] Validate
[2025-12-04 01:51:58,865][    INFO] ==================================================================================================
[2025-12-04 01:51:58,866][    INFO]       d1,       d2,       d3,  abs_rel,   sq_rel,     rmse, rmse_log,    log10,    silog
[2025-12-04 01:51:58,866][    INFO]   19.147,   19.529,   19.546,    4.035,    5.903,    8.179,    2.542,    0.791,    2.307
[2025-12-04 01:51:58,866][    INFO] ==================================================================================================
[2025-12-04 01:51:59,248][    INFO] ===========> Epoch: 54/120, d1: 0.973, d2: 0.977, d3: 0.977
[2025-12-04 01:51:59,248][    INFO] ===========> Epoch: 54/120, abs_rel: 0.186, sq_rel: 0.224, rmse: 0.409, rmse_log: 0.122, log10: 0.038, silog: 0.111

[2025-12-04 01:52:00,265][    INFO] Iter: 0/35, LR: 0.0000029, Loss: 0.046
[2025-12-04 01:52:25,190][    INFO] Validate
[2025-12-04 01:52:27,176][    INFO] ==================================================================================================
[2025-12-04 01:52:27,176][    INFO]       d1,       d2,       d3,  abs_rel,   sq_rel,     rmse, rmse_log,    log10,    silog
[2025-12-04 01:52:27,176][    INFO]   19.438,   19.533,   19.544,    4.291,    7.178,    8.238,    2.459,    0.757,    2.232
[2025-12-04 01:52:27,176][    INFO] ==================================================================================================
[2025-12-04 01:52:27,544][    INFO] ===========> Epoch: 55/120, d1: 0.973, d2: 0.977, d3: 0.977
[2025-12-04 01:52:27,544][    INFO] ===========> Epoch: 55/120, abs_rel: 0.186, sq_rel: 0.224, rmse: 0.409, rmse_log: 0.122, log10: 0.038, silog: 0.111

[2025-12-04 01:52:28,614][    INFO] Iter: 0/35, LR: 0.0000029, Loss: 0.043
[2025-12-04 01:52:53,564][    INFO] Validate
[2025-12-04 01:52:55,556][    INFO] ==================================================================================================
[2025-12-04 01:52:55,556][    INFO]       d1,       d2,       d3,  abs_rel,   sq_rel,     rmse, rmse_log,    log10,    silog
[2025-12-04 01:52:55,556][    INFO]   19.476,   19.536,   19.547,    3.461,    4.462,    8.026,    2.293,    0.709,    2.078
[2025-12-04 01:52:55,556][    INFO] ==================================================================================================
[2025-12-04 01:52:55,936][    INFO] ===========> Epoch: 56/120, d1: 0.974, d2: 0.977, d3: 0.977
[2025-12-04 01:52:55,936][    INFO] ===========> Epoch: 56/120, abs_rel: 0.173, sq_rel: 0.223, rmse: 0.401, rmse_log: 0.115, log10: 0.035, silog: 0.104

[2025-12-04 01:52:57,018][    INFO] Iter: 0/35, LR: 0.0000028, Loss: 0.051
[2025-12-04 01:53:21,975][    INFO] Validate
[2025-12-04 01:53:23,972][    INFO] ==================================================================================================
[2025-12-04 01:53:23,972][    INFO]       d1,       d2,       d3,  abs_rel,   sq_rel,     rmse, rmse_log,    log10,    silog
[2025-12-04 01:53:23,972][    INFO]   19.457,   19.535,   19.547,    3.619,    4.504,    8.937,    2.428,    0.767,    2.174
[2025-12-04 01:53:23,972][    INFO] ==================================================================================================
[2025-12-04 01:53:24,397][    INFO] ===========> Epoch: 57/120, d1: 0.974, d2: 0.977, d3: 0.977
[2025-12-04 01:53:24,397][    INFO] ===========> Epoch: 57/120, abs_rel: 0.173, sq_rel: 0.223, rmse: 0.401, rmse_log: 0.115, log10: 0.035, silog: 0.104

[2025-12-04 01:53:25,468][    INFO] Iter: 0/35, LR: 0.0000028, Loss: 0.047
[2025-12-04 01:53:50,385][    INFO] Validate
[2025-12-04 01:53:52,369][    INFO] ==================================================================================================
[2025-12-04 01:53:52,369][    INFO]       d1,       d2,       d3,  abs_rel,   sq_rel,     rmse, rmse_log,    log10,    silog
[2025-12-04 01:53:52,369][    INFO]   19.454,   19.536,   19.548,    3.826,    5.280,    8.230,    2.407,    0.751,    2.194
[2025-12-04 01:53:52,369][    INFO] ==================================================================================================
[2025-12-04 01:53:52,753][    INFO] ===========> Epoch: 58/120, d1: 0.974, d2: 0.977, d3: 0.977
[2025-12-04 01:53:52,753][    INFO] ===========> Epoch: 58/120, abs_rel: 0.173, sq_rel: 0.223, rmse: 0.401, rmse_log: 0.115, log10: 0.035, silog: 0.104

[2025-12-04 01:53:53,803][    INFO] Iter: 0/35, LR: 0.0000028, Loss: 0.055
[2025-12-04 01:54:18,623][    INFO] Validate
[2025-12-04 01:54:20,600][    INFO] ==================================================================================================
[2025-12-04 01:54:20,600][    INFO]       d1,       d2,       d3,  abs_rel,   sq_rel,     rmse, rmse_log,    log10,    silog
[2025-12-04 01:54:20,600][    INFO]   18.838,   19.217,   19.351,    3.900,    4.328,   10.399,    3.070,    1.005,    2.766
[2025-12-04 01:54:20,600][    INFO] ==================================================================================================
[2025-12-04 01:54:20,964][    INFO] ===========> Epoch: 59/120, d1: 0.974, d2: 0.977, d3: 0.977
[2025-12-04 01:54:20,964][    INFO] ===========> Epoch: 59/120, abs_rel: 0.173, sq_rel: 0.216, rmse: 0.401, rmse_log: 0.115, log10: 0.035, silog: 0.104

[2025-12-04 01:54:22,002][    INFO] Iter: 0/35, LR: 0.0000027, Loss: 0.079
[2025-12-04 01:54:46,757][    INFO] Validate
[2025-12-04 01:54:48,737][    INFO] ==================================================================================================
[2025-12-04 01:54:48,737][    INFO]       d1,       d2,       d3,  abs_rel,   sq_rel,     rmse, rmse_log,    log10,    silog
[2025-12-04 01:54:48,738][    INFO]   19.154,   19.534,   19.548,    3.945,    5.237,    8.943,    2.602,    0.830,    2.341
[2025-12-04 01:54:48,738][    INFO] ==================================================================================================
[2025-12-04 01:54:49,170][    INFO] ===========> Epoch: 60/120, d1: 0.974, d2: 0.977, d3: 0.977
[2025-12-04 01:54:49,170][    INFO] ===========> Epoch: 60/120, abs_rel: 0.173, sq_rel: 0.216, rmse: 0.401, rmse_log: 0.115, log10: 0.035, silog: 0.104

[2025-12-04 01:54:50,212][    INFO] Iter: 0/35, LR: 0.0000027, Loss: 0.051
[2025-12-04 01:55:14,985][    INFO] Validate
[2025-12-04 01:55:16,960][    INFO] ==================================================================================================
[2025-12-04 01:55:16,960][    INFO]       d1,       d2,       d3,  abs_rel,   sq_rel,     rmse, rmse_log,    log10,    silog
[2025-12-04 01:55:16,960][    INFO]   19.473,   19.534,   19.546,    3.868,    5.536,    8.627,    2.388,    0.748,    2.163
[2025-12-04 01:55:16,960][    INFO] ==================================================================================================
[2025-12-04 01:55:17,348][    INFO] ===========> Epoch: 61/120, d1: 0.974, d2: 0.977, d3: 0.977
[2025-12-04 01:55:17,348][    INFO] ===========> Epoch: 61/120, abs_rel: 0.173, sq_rel: 0.216, rmse: 0.401, rmse_log: 0.115, log10: 0.035, silog: 0.104

[2025-12-04 01:55:18,410][    INFO] Iter: 0/35, LR: 0.0000026, Loss: 0.047
[2025-12-04 01:55:43,137][    INFO] Validate
[2025-12-04 01:55:45,126][    INFO] ==================================================================================================
[2025-12-04 01:55:45,126][    INFO]       d1,       d2,       d3,  abs_rel,   sq_rel,     rmse, rmse_log,    log10,    silog
[2025-12-04 01:55:45,126][    INFO]   19.164,   19.534,   19.546,    3.753,    4.936,    8.379,    2.556,    0.794,    2.301
[2025-12-04 01:55:45,126][    INFO] ==================================================================================================
[2025-12-04 01:55:45,517][    INFO] ===========> Epoch: 62/120, d1: 0.974, d2: 0.977, d3: 0.977
[2025-12-04 01:55:45,517][    INFO] ===========> Epoch: 62/120, abs_rel: 0.173, sq_rel: 0.216, rmse: 0.401, rmse_log: 0.115, log10: 0.035, silog: 0.104

[2025-12-04 01:55:46,583][    INFO] Iter: 0/35, LR: 0.0000026, Loss: 0.066
[2025-12-04 01:56:11,340][    INFO] Validate
[2025-12-04 01:56:13,327][    INFO] ==================================================================================================
[2025-12-04 01:56:13,328][    INFO]       d1,       d2,       d3,  abs_rel,   sq_rel,     rmse, rmse_log,    log10,    silog
[2025-12-04 01:56:13,328][    INFO]   19.270,   19.534,   19.546,    3.666,    4.793,    8.234,    2.421,    0.751,    2.185
[2025-12-04 01:56:13,328][    INFO] ==================================================================================================
[2025-12-04 01:56:13,766][    INFO] ===========> Epoch: 63/120, d1: 0.974, d2: 0.977, d3: 0.977
[2025-12-04 01:56:13,767][    INFO] ===========> Epoch: 63/120, abs_rel: 0.173, sq_rel: 0.216, rmse: 0.401, rmse_log: 0.115, log10: 0.035, silog: 0.104

[2025-12-04 01:56:14,836][    INFO] Iter: 0/35, LR: 0.0000026, Loss: 0.048
[2025-12-04 01:56:39,601][    INFO] Validate
[2025-12-04 01:56:41,588][    INFO] ==================================================================================================
[2025-12-04 01:56:41,589][    INFO]       d1,       d2,       d3,  abs_rel,   sq_rel,     rmse, rmse_log,    log10,    silog
[2025-12-04 01:56:41,589][    INFO]   19.457,   19.534,   19.545,    3.739,    5.073,    8.164,    2.428,    0.754,    2.200
[2025-12-04 01:56:41,589][    INFO] ==================================================================================================
[2025-12-04 01:56:42,033][    INFO] ===========> Epoch: 64/120, d1: 0.974, d2: 0.977, d3: 0.977
[2025-12-04 01:56:42,033][    INFO] ===========> Epoch: 64/120, abs_rel: 0.173, sq_rel: 0.216, rmse: 0.401, rmse_log: 0.115, log10: 0.035, silog: 0.104

[2025-12-04 01:56:43,119][    INFO] Iter: 0/35, LR: 0.0000025, Loss: 0.047
[2025-12-04 01:57:07,751][    INFO] Validate
[2025-12-04 01:57:09,724][    INFO] ==================================================================================================
[2025-12-04 01:57:09,724][    INFO]       d1,       d2,       d3,  abs_rel,   sq_rel,     rmse, rmse_log,    log10,    silog
[2025-12-04 01:57:09,725][    INFO]   19.183,   19.535,   19.547,    3.538,    4.599,    7.943,    2.397,    0.729,    2.176
[2025-12-04 01:57:09,725][    INFO] ==================================================================================================
[2025-12-04 01:57:10,161][    INFO] ===========> Epoch: 65/120, d1: 0.974, d2: 0.977, d3: 0.977
[2025-12-04 01:57:10,161][    INFO] ===========> Epoch: 65/120, abs_rel: 0.173, sq_rel: 0.216, rmse: 0.397, rmse_log: 0.115, log10: 0.035, silog: 0.104

[2025-12-04 01:57:11,228][    INFO] Iter: 0/35, LR: 0.0000025, Loss: 0.042
[2025-12-04 01:57:35,834][    INFO] Validate
[2025-12-04 01:57:37,813][    INFO] ==================================================================================================
[2025-12-04 01:57:37,813][    INFO]       d1,       d2,       d3,  abs_rel,   sq_rel,     rmse, rmse_log,    log10,    silog
[2025-12-04 01:57:37,813][    INFO]   19.245,   19.534,   19.545,    3.610,    4.778,    8.190,    2.399,    0.736,    2.175
[2025-12-04 01:57:37,813][    INFO] ==================================================================================================
[2025-12-04 01:57:38,239][    INFO] ===========> Epoch: 66/120, d1: 0.974, d2: 0.977, d3: 0.977
[2025-12-04 01:57:38,239][    INFO] ===========> Epoch: 66/120, abs_rel: 0.173, sq_rel: 0.216, rmse: 0.397, rmse_log: 0.115, log10: 0.035, silog: 0.104

[2025-12-04 01:57:39,324][    INFO] Iter: 0/35, LR: 0.0000024, Loss: 0.042
[2025-12-04 01:58:04,057][    INFO] Validate
[2025-12-04 01:58:06,051][    INFO] ==================================================================================================
[2025-12-04 01:58:06,051][    INFO]       d1,       d2,       d3,  abs_rel,   sq_rel,     rmse, rmse_log,    log10,    silog
[2025-12-04 01:58:06,052][    INFO]   19.419,   19.534,   19.545,    3.571,    4.666,    7.852,    2.345,    0.727,    2.107
[2025-12-04 01:58:06,052][    INFO] ==================================================================================================
[2025-12-04 01:58:06,491][    INFO] ===========> Epoch: 67/120, d1: 0.974, d2: 0.977, d3: 0.977
[2025-12-04 01:58:06,491][    INFO] ===========> Epoch: 67/120, abs_rel: 0.173, sq_rel: 0.216, rmse: 0.393, rmse_log: 0.115, log10: 0.035, silog: 0.104

[2025-12-04 01:58:07,567][    INFO] Iter: 0/35, LR: 0.0000024, Loss: 0.046
[2025-12-04 01:58:32,382][    INFO] Validate
[2025-12-04 01:58:34,378][    INFO] ==================================================================================================
[2025-12-04 01:58:34,379][    INFO]       d1,       d2,       d3,  abs_rel,   sq_rel,     rmse, rmse_log,    log10,    silog
[2025-12-04 01:58:34,379][    INFO]   19.146,   19.533,   19.543,    3.952,    5.426,    9.829,    2.621,    0.831,    2.381
[2025-12-04 01:58:34,379][    INFO] ==================================================================================================
[2025-12-04 01:58:34,823][    INFO] ===========> Epoch: 68/120, d1: 0.974, d2: 0.977, d3: 0.977
[2025-12-04 01:58:34,823][    INFO] ===========> Epoch: 68/120, abs_rel: 0.173, sq_rel: 0.216, rmse: 0.393, rmse_log: 0.115, log10: 0.035, silog: 0.104

[2025-12-04 01:58:35,891][    INFO] Iter: 0/35, LR: 0.0000024, Loss: 0.057
[2025-12-04 01:59:00,676][    INFO] Validate
[2025-12-04 01:59:02,665][    INFO] ==================================================================================================
[2025-12-04 01:59:02,666][    INFO]       d1,       d2,       d3,  abs_rel,   sq_rel,     rmse, rmse_log,    log10,    silog
[2025-12-04 01:59:02,666][    INFO]   19.192,   19.529,   19.538,    5.204,    8.720,   11.852,    3.013,    1.048,    2.545
[2025-12-04 01:59:02,666][    INFO] ==================================================================================================
[2025-12-04 01:59:03,049][    INFO] ===========> Epoch: 69/120, d1: 0.974, d2: 0.977, d3: 0.977
[2025-12-04 01:59:03,049][    INFO] ===========> Epoch: 69/120, abs_rel: 0.173, sq_rel: 0.216, rmse: 0.393, rmse_log: 0.115, log10: 0.035, silog: 0.104

[2025-12-04 01:59:04,106][    INFO] Iter: 0/35, LR: 0.0000023, Loss: 0.097
[2025-12-04 01:59:28,965][    INFO] Validate
[2025-12-04 01:59:30,981][    INFO] ==================================================================================================
[2025-12-04 01:59:30,981][    INFO]       d1,       d2,       d3,  abs_rel,   sq_rel,     rmse, rmse_log,    log10,    silog
[2025-12-04 01:59:30,981][    INFO]   18.680,   19.527,   19.538,    5.267,    8.105,   12.906,    3.211,    1.143,    2.656
[2025-12-04 01:59:30,981][    INFO] ==================================================================================================
[2025-12-04 01:59:31,357][    INFO] ===========> Epoch: 70/120, d1: 0.974, d2: 0.977, d3: 0.977
[2025-12-04 01:59:31,358][    INFO] ===========> Epoch: 70/120, abs_rel: 0.173, sq_rel: 0.216, rmse: 0.393, rmse_log: 0.115, log10: 0.035, silog: 0.104

[2025-12-04 01:59:32,382][    INFO] Iter: 0/35, LR: 0.0000023, Loss: 0.112
[2025-12-04 01:59:57,282][    INFO] Validate
[2025-12-04 01:59:59,283][    INFO] ==================================================================================================
[2025-12-04 01:59:59,283][    INFO]       d1,       d2,       d3,  abs_rel,   sq_rel,     rmse, rmse_log,    log10,    silog
[2025-12-04 01:59:59,283][    INFO]   18.991,   19.530,   19.540,    4.769,    7.056,   11.195,    2.983,    1.006,    2.549
[2025-12-04 01:59:59,283][    INFO] ==================================================================================================
[2025-12-04 01:59:59,663][    INFO] ===========> Epoch: 71/120, d1: 0.974, d2: 0.977, d3: 0.977
[2025-12-04 01:59:59,663][    INFO] ===========> Epoch: 71/120, abs_rel: 0.173, sq_rel: 0.216, rmse: 0.393, rmse_log: 0.115, log10: 0.035, silog: 0.104

[2025-12-04 02:00:00,719][    INFO] Iter: 0/35, LR: 0.0000022, Loss: 0.068
[2025-12-04 02:00:25,561][    INFO] Validate
[2025-12-04 02:00:27,569][    INFO] ==================================================================================================
[2025-12-04 02:00:27,570][    INFO]       d1,       d2,       d3,  abs_rel,   sq_rel,     rmse, rmse_log,    log10,    silog
[2025-12-04 02:00:27,570][    INFO]   19.303,   19.529,   19.540,    5.143,    8.100,   12.894,    3.085,    1.077,    2.583
[2025-12-04 02:00:27,570][    INFO] ==================================================================================================
[2025-12-04 02:00:27,961][    INFO] ===========> Epoch: 72/120, d1: 0.974, d2: 0.977, d3: 0.977
[2025-12-04 02:00:27,962][    INFO] ===========> Epoch: 72/120, abs_rel: 0.173, sq_rel: 0.216, rmse: 0.393, rmse_log: 0.115, log10: 0.035, silog: 0.104

[2025-12-04 02:00:29,026][    INFO] Iter: 0/35, LR: 0.0000022, Loss: 0.072
[2025-12-04 02:00:53,934][    INFO] Validate
[2025-12-04 02:00:55,932][    INFO] ==================================================================================================
[2025-12-04 02:00:55,933][    INFO]       d1,       d2,       d3,  abs_rel,   sq_rel,     rmse, rmse_log,    log10,    silog
[2025-12-04 02:00:55,934][    INFO]   19.253,   19.529,   19.540,    5.267,    8.414,   12.151,    3.127,    1.089,    2.609
[2025-12-04 02:00:55,934][    INFO] ==================================================================================================
[2025-12-04 02:00:56,317][    INFO] ===========> Epoch: 73/120, d1: 0.974, d2: 0.977, d3: 0.977
[2025-12-04 02:00:56,317][    INFO] ===========> Epoch: 73/120, abs_rel: 0.173, sq_rel: 0.216, rmse: 0.393, rmse_log: 0.115, log10: 0.035, silog: 0.104

[2025-12-04 02:00:57,348][    INFO] Iter: 0/35, LR: 0.0000022, Loss: 0.072
[2025-12-04 02:01:22,288][    INFO] Validate
[2025-12-04 02:01:24,296][    INFO] ==================================================================================================
[2025-12-04 02:01:24,296][    INFO]       d1,       d2,       d3,  abs_rel,   sq_rel,     rmse, rmse_log,    log10,    silog
[2025-12-04 02:01:24,297][    INFO]   19.386,   19.531,   19.541,    4.676,    6.883,   11.011,    2.884,    0.978,    2.443
[2025-12-04 02:01:24,297][    INFO] ==================================================================================================
[2025-12-04 02:01:24,680][    INFO] ===========> Epoch: 74/120, d1: 0.974, d2: 0.977, d3: 0.977
[2025-12-04 02:01:24,680][    INFO] ===========> Epoch: 74/120, abs_rel: 0.173, sq_rel: 0.216, rmse: 0.393, rmse_log: 0.115, log10: 0.035, silog: 0.104

[2025-12-04 02:01:25,741][    INFO] Iter: 0/35, LR: 0.0000021, Loss: 0.071
[2025-12-04 02:01:50,647][    INFO] Validate
[2025-12-04 02:01:52,654][    INFO] ==================================================================================================
[2025-12-04 02:01:52,654][    INFO]       d1,       d2,       d3,  abs_rel,   sq_rel,     rmse, rmse_log,    log10,    silog
[2025-12-04 02:01:52,655][    INFO]   19.393,   19.530,   19.542,    4.646,    6.739,   11.172,    2.869,    0.982,    2.418
[2025-12-04 02:01:52,655][    INFO] ==================================================================================================
[2025-12-04 02:01:53,042][    INFO] ===========> Epoch: 75/120, d1: 0.974, d2: 0.977, d3: 0.977
[2025-12-04 02:01:53,042][    INFO] ===========> Epoch: 75/120, abs_rel: 0.173, sq_rel: 0.216, rmse: 0.393, rmse_log: 0.115, log10: 0.035, silog: 0.104

[2025-12-04 02:01:54,097][    INFO] Iter: 0/35, LR: 0.0000021, Loss: 0.066
[2025-12-04 02:02:19,052][    INFO] Validate
[2025-12-04 02:02:21,041][    INFO] ==================================================================================================
[2025-12-04 02:02:21,041][    INFO]       d1,       d2,       d3,  abs_rel,   sq_rel,     rmse, rmse_log,    log10,    silog
[2025-12-04 02:02:21,042][    INFO]   19.380,   19.531,   19.541,    4.724,    7.347,   11.841,    2.862,    0.959,    2.456
[2025-12-04 02:02:21,042][    INFO] ==================================================================================================
[2025-12-04 02:02:21,424][    INFO] ===========> Epoch: 76/120, d1: 0.974, d2: 0.977, d3: 0.977
[2025-12-04 02:02:21,424][    INFO] ===========> Epoch: 76/120, abs_rel: 0.173, sq_rel: 0.216, rmse: 0.393, rmse_log: 0.115, log10: 0.035, silog: 0.104

[2025-12-04 02:02:22,466][    INFO] Iter: 0/35, LR: 0.0000020, Loss: 0.054
[2025-12-04 02:02:47,312][    INFO] Validate
[2025-12-04 02:02:49,317][    INFO] ==================================================================================================
[2025-12-04 02:02:49,317][    INFO]       d1,       d2,       d3,  abs_rel,   sq_rel,     rmse, rmse_log,    log10,    silog
[2025-12-04 02:02:49,317][    INFO]   19.403,   19.531,   19.542,    4.652,    7.139,   10.471,    2.787,    0.929,    2.380
[2025-12-04 02:02:49,317][    INFO] ==================================================================================================
[2025-12-04 02:02:49,708][    INFO] ===========> Epoch: 77/120, d1: 0.974, d2: 0.977, d3: 0.977
[2025-12-04 02:02:49,708][    INFO] ===========> Epoch: 77/120, abs_rel: 0.173, sq_rel: 0.216, rmse: 0.393, rmse_log: 0.115, log10: 0.035, silog: 0.104

[2025-12-04 02:02:50,729][    INFO] Iter: 0/35, LR: 0.0000020, Loss: 0.051
[2025-12-04 02:03:15,604][    INFO] Validate
[2025-12-04 02:03:17,596][    INFO] ==================================================================================================
[2025-12-04 02:03:17,597][    INFO]       d1,       d2,       d3,  abs_rel,   sq_rel,     rmse, rmse_log,    log10,    silog
[2025-12-04 02:03:17,597][    INFO]   19.446,   19.532,   19.541,    4.411,    6.737,   10.627,    2.671,    0.881,    2.327
[2025-12-04 02:03:17,597][    INFO] ==================================================================================================
[2025-12-04 02:03:18,026][    INFO] ===========> Epoch: 78/120, d1: 0.974, d2: 0.977, d3: 0.977
[2025-12-04 02:03:18,027][    INFO] ===========> Epoch: 78/120, abs_rel: 0.173, sq_rel: 0.216, rmse: 0.393, rmse_log: 0.115, log10: 0.035, silog: 0.104

[2025-12-04 02:03:19,104][    INFO] Iter: 0/35, LR: 0.0000019, Loss: 0.049
[2025-12-04 02:03:43,970][    INFO] Validate
[2025-12-04 02:03:45,981][    INFO] ==================================================================================================
[2025-12-04 02:03:45,981][    INFO]       d1,       d2,       d3,  abs_rel,   sq_rel,     rmse, rmse_log,    log10,    silog
[2025-12-04 02:03:45,981][    INFO]   19.471,   19.533,   19.543,    4.153,    6.160,    8.920,    2.509,    0.812,    2.200
[2025-12-04 02:03:45,981][    INFO] ==================================================================================================
[2025-12-04 02:03:46,390][    INFO] ===========> Epoch: 79/120, d1: 0.974, d2: 0.977, d3: 0.977
[2025-12-04 02:03:46,390][    INFO] ===========> Epoch: 79/120, abs_rel: 0.173, sq_rel: 0.216, rmse: 0.393, rmse_log: 0.115, log10: 0.035, silog: 0.104

[2025-12-04 02:03:47,494][    INFO] Iter: 0/35, LR: 0.0000019, Loss: 0.047
[2025-12-04 02:04:12,402][    INFO] Validate
[2025-12-04 02:04:14,391][    INFO] ==================================================================================================
[2025-12-04 02:04:14,391][    INFO]       d1,       d2,       d3,  abs_rel,   sq_rel,     rmse, rmse_log,    log10,    silog
[2025-12-04 02:04:14,391][    INFO]   19.430,   19.532,   19.541,    4.518,    7.511,    9.260,    2.619,    0.846,    2.303
[2025-12-04 02:04:14,391][    INFO] ==================================================================================================
[2025-12-04 02:04:14,814][    INFO] ===========> Epoch: 80/120, d1: 0.974, d2: 0.977, d3: 0.977
[2025-12-04 02:04:14,814][    INFO] ===========> Epoch: 80/120, abs_rel: 0.173, sq_rel: 0.216, rmse: 0.393, rmse_log: 0.115, log10: 0.035, silog: 0.104

[2025-12-04 02:04:15,885][    INFO] Iter: 0/35, LR: 0.0000019, Loss: 0.039
[2025-12-04 02:04:40,769][    INFO] Validate
[2025-12-04 02:04:42,760][    INFO] ==================================================================================================
[2025-12-04 02:04:42,760][    INFO]       d1,       d2,       d3,  abs_rel,   sq_rel,     rmse, rmse_log,    log10,    silog
[2025-12-04 02:04:42,760][    INFO]   19.464,   19.532,   19.541,    4.350,    6.977,    9.110,    2.538,    0.815,    2.232
[2025-12-04 02:04:42,761][    INFO] ==================================================================================================
[2025-12-04 02:04:43,135][    INFO] ===========> Epoch: 81/120, d1: 0.974, d2: 0.977, d3: 0.977
[2025-12-04 02:04:43,135][    INFO] ===========> Epoch: 81/120, abs_rel: 0.173, sq_rel: 0.216, rmse: 0.393, rmse_log: 0.115, log10: 0.035, silog: 0.104

[2025-12-04 02:04:44,205][    INFO] Iter: 0/35, LR: 0.0000018, Loss: 0.043
[2025-12-04 02:05:09,071][    INFO] Validate
[2025-12-04 02:05:11,072][    INFO] ==================================================================================================
[2025-12-04 02:05:11,072][    INFO]       d1,       d2,       d3,  abs_rel,   sq_rel,     rmse, rmse_log,    log10,    silog
[2025-12-04 02:05:11,073][    INFO]   19.411,   19.532,   19.541,    4.394,    7.118,    8.961,    2.572,    0.822,    2.265
[2025-12-04 02:05:11,073][    INFO] ==================================================================================================
[2025-12-04 02:05:11,505][    INFO] ===========> Epoch: 82/120, d1: 0.974, d2: 0.977, d3: 0.977
[2025-12-04 02:05:11,505][    INFO] ===========> Epoch: 82/120, abs_rel: 0.173, sq_rel: 0.216, rmse: 0.393, rmse_log: 0.115, log10: 0.035, silog: 0.104

[2025-12-04 02:05:12,567][    INFO] Iter: 0/35, LR: 0.0000018, Loss: 0.044
[2025-12-04 02:05:37,467][    INFO] Validate
[2025-12-04 02:05:39,469][    INFO] ==================================================================================================
[2025-12-04 02:05:39,469][    INFO]       d1,       d2,       d3,  abs_rel,   sq_rel,     rmse, rmse_log,    log10,    silog
[2025-12-04 02:05:39,469][    INFO]   19.373,   19.533,   19.543,    4.076,    6.082,    9.620,    2.540,    0.806,    2.267
[2025-12-04 02:05:39,469][    INFO] ==================================================================================================
[2025-12-04 02:05:39,895][    INFO] ===========> Epoch: 83/120, d1: 0.974, d2: 0.977, d3: 0.977
[2025-12-04 02:05:39,895][    INFO] ===========> Epoch: 83/120, abs_rel: 0.173, sq_rel: 0.216, rmse: 0.393, rmse_log: 0.115, log10: 0.035, silog: 0.104

[2025-12-04 02:05:40,953][    INFO] Iter: 0/35, LR: 0.0000017, Loss: 0.042
[2025-12-04 02:06:05,900][    INFO] Validate
[2025-12-04 02:06:07,887][    INFO] ==================================================================================================
[2025-12-04 02:06:07,887][    INFO]       d1,       d2,       d3,  abs_rel,   sq_rel,     rmse, rmse_log,    log10,    silog
[2025-12-04 02:06:07,888][    INFO]   19.469,   19.532,   19.542,    4.412,    7.467,    8.676,    2.494,    0.786,    2.201
[2025-12-04 02:06:07,888][    INFO] ==================================================================================================
[2025-12-04 02:06:08,317][    INFO] ===========> Epoch: 84/120, d1: 0.974, d2: 0.977, d3: 0.977
[2025-12-04 02:06:08,318][    INFO] ===========> Epoch: 84/120, abs_rel: 0.173, sq_rel: 0.216, rmse: 0.393, rmse_log: 0.115, log10: 0.035, silog: 0.104

[2025-12-04 02:06:09,386][    INFO] Iter: 0/35, LR: 0.0000017, Loss: 0.044
[2025-12-04 02:06:34,353][    INFO] Validate
[2025-12-04 02:06:36,355][    INFO] ==================================================================================================
[2025-12-04 02:06:36,355][    INFO]       d1,       d2,       d3,  abs_rel,   sq_rel,     rmse, rmse_log,    log10,    silog
[2025-12-04 02:06:36,356][    INFO]   19.482,   19.533,   19.543,    3.959,    5.927,    8.658,    2.414,    0.755,    2.171
[2025-12-04 02:06:36,356][    INFO] ==================================================================================================
[2025-12-04 02:06:36,746][    INFO] ===========> Epoch: 85/120, d1: 0.974, d2: 0.977, d3: 0.977
[2025-12-04 02:06:36,746][    INFO] ===========> Epoch: 85/120, abs_rel: 0.173, sq_rel: 0.216, rmse: 0.393, rmse_log: 0.115, log10: 0.035, silog: 0.104

[2025-12-04 02:06:37,795][    INFO] Iter: 0/35, LR: 0.0000016, Loss: 0.051
[2025-12-04 02:07:02,706][    INFO] Validate
[2025-12-04 02:07:04,712][    INFO] ==================================================================================================
[2025-12-04 02:07:04,712][    INFO]       d1,       d2,       d3,  abs_rel,   sq_rel,     rmse, rmse_log,    log10,    silog
[2025-12-04 02:07:04,713][    INFO]   19.473,   19.532,   19.542,    4.213,    6.897,    8.060,    2.431,    0.762,    2.164
[2025-12-04 02:07:04,713][    INFO] ==================================================================================================
[2025-12-04 02:07:05,093][    INFO] ===========> Epoch: 86/120, d1: 0.974, d2: 0.977, d3: 0.977
[2025-12-04 02:07:05,093][    INFO] ===========> Epoch: 86/120, abs_rel: 0.173, sq_rel: 0.216, rmse: 0.393, rmse_log: 0.115, log10: 0.035, silog: 0.104

[2025-12-04 02:07:06,149][    INFO] Iter: 0/35, LR: 0.0000016, Loss: 0.039
[2025-12-04 02:07:31,022][    INFO] Validate
[2025-12-04 02:07:33,018][    INFO] ==================================================================================================
[2025-12-04 02:07:33,018][    INFO]       d1,       d2,       d3,  abs_rel,   sq_rel,     rmse, rmse_log,    log10,    silog
[2025-12-04 02:07:33,019][    INFO]   19.310,   19.533,   19.542,    4.203,    6.728,    9.040,    2.528,    0.792,    2.291
[2025-12-04 02:07:33,019][    INFO] ==================================================================================================
[2025-12-04 02:07:33,400][    INFO] ===========> Epoch: 87/120, d1: 0.974, d2: 0.977, d3: 0.977
[2025-12-04 02:07:33,400][    INFO] ===========> Epoch: 87/120, abs_rel: 0.173, sq_rel: 0.216, rmse: 0.393, rmse_log: 0.115, log10: 0.035, silog: 0.104

[2025-12-04 02:07:34,439][    INFO] Iter: 0/35, LR: 0.0000016, Loss: 0.049
[2025-12-04 02:07:59,356][    INFO] Validate
[2025-12-04 02:08:01,355][    INFO] ==================================================================================================
[2025-12-04 02:08:01,355][    INFO]       d1,       d2,       d3,  abs_rel,   sq_rel,     rmse, rmse_log,    log10,    silog
[2025-12-04 02:08:01,356][    INFO]   19.478,   19.532,   19.542,    4.231,    6.798,    8.310,    2.449,    0.773,    2.172
[2025-12-04 02:08:01,356][    INFO] ==================================================================================================
[2025-12-04 02:08:01,784][    INFO] ===========> Epoch: 88/120, d1: 0.974, d2: 0.977, d3: 0.977
[2025-12-04 02:08:01,784][    INFO] ===========> Epoch: 88/120, abs_rel: 0.173, sq_rel: 0.216, rmse: 0.393, rmse_log: 0.115, log10: 0.035, silog: 0.104

[2025-12-04 02:08:02,880][    INFO] Iter: 0/35, LR: 0.0000015, Loss: 0.048
[2025-12-04 02:08:27,732][    INFO] Validate
[2025-12-04 02:08:29,737][    INFO] ==================================================================================================
[2025-12-04 02:08:29,737][    INFO]       d1,       d2,       d3,  abs_rel,   sq_rel,     rmse, rmse_log,    log10,    silog
[2025-12-04 02:08:29,737][    INFO]   19.445,   19.534,   19.544,    3.838,    5.654,    8.323,    2.378,    0.731,    2.155
[2025-12-04 02:08:29,737][    INFO] ==================================================================================================
[2025-12-04 02:08:30,170][    INFO] ===========> Epoch: 89/120, d1: 0.974, d2: 0.977, d3: 0.977
[2025-12-04 02:08:30,171][    INFO] ===========> Epoch: 89/120, abs_rel: 0.173, sq_rel: 0.216, rmse: 0.393, rmse_log: 0.115, log10: 0.035, silog: 0.104

[2025-12-04 02:08:31,228][    INFO] Iter: 0/35, LR: 0.0000015, Loss: 0.040
[2025-12-04 02:08:56,088][    INFO] Validate
[2025-12-04 02:08:58,078][    INFO] ==================================================================================================
[2025-12-04 02:08:58,078][    INFO]       d1,       d2,       d3,  abs_rel,   sq_rel,     rmse, rmse_log,    log10,    silog
[2025-12-04 02:08:58,078][    INFO]   19.476,   19.533,   19.543,    4.060,    6.370,    8.595,    2.391,    0.745,    2.133
[2025-12-04 02:08:58,078][    INFO] ==================================================================================================
[2025-12-04 02:08:58,508][    INFO] ===========> Epoch: 90/120, d1: 0.974, d2: 0.977, d3: 0.977
[2025-12-04 02:08:58,509][    INFO] ===========> Epoch: 90/120, abs_rel: 0.173, sq_rel: 0.216, rmse: 0.393, rmse_log: 0.115, log10: 0.035, silog: 0.104

[2025-12-04 02:08:59,560][    INFO] Iter: 0/35, LR: 0.0000014, Loss: 0.040
[2025-12-04 02:09:24,378][    INFO] Validate
[2025-12-04 02:09:26,377][    INFO] ==================================================================================================
[2025-12-04 02:09:26,377][    INFO]       d1,       d2,       d3,  abs_rel,   sq_rel,     rmse, rmse_log,    log10,    silog
[2025-12-04 02:09:26,377][    INFO]   19.445,   19.533,   19.542,    4.210,    6.789,    8.713,    2.506,    0.783,    2.258
[2025-12-04 02:09:26,377][    INFO] ==================================================================================================
[2025-12-04 02:09:26,758][    INFO] ===========> Epoch: 91/120, d1: 0.974, d2: 0.977, d3: 0.977
[2025-12-04 02:09:26,758][    INFO] ===========> Epoch: 91/120, abs_rel: 0.173, sq_rel: 0.216, rmse: 0.393, rmse_log: 0.115, log10: 0.035, silog: 0.104

[2025-12-04 02:09:27,805][    INFO] Iter: 0/35, LR: 0.0000014, Loss: 0.042
[2025-12-04 02:09:52,573][    INFO] Validate
[2025-12-04 02:09:54,562][    INFO] ==================================================================================================
[2025-12-04 02:09:54,563][    INFO]       d1,       d2,       d3,  abs_rel,   sq_rel,     rmse, rmse_log,    log10,    silog
[2025-12-04 02:09:54,563][    INFO]   19.478,   19.533,   19.543,    3.945,    5.961,    8.097,    2.357,    0.738,    2.109
[2025-12-04 02:09:54,563][    INFO] ==================================================================================================
[2025-12-04 02:09:54,955][    INFO] ===========> Epoch: 92/120, d1: 0.974, d2: 0.977, d3: 0.977
[2025-12-04 02:09:54,955][    INFO] ===========> Epoch: 92/120, abs_rel: 0.173, sq_rel: 0.216, rmse: 0.393, rmse_log: 0.115, log10: 0.035, silog: 0.104

[2025-12-04 02:09:55,995][    INFO] Iter: 0/35, LR: 0.0000013, Loss: 0.041
[2025-12-04 02:10:20,746][    INFO] Validate
[2025-12-04 02:10:22,748][    INFO] ==================================================================================================
[2025-12-04 02:10:22,748][    INFO]       d1,       d2,       d3,  abs_rel,   sq_rel,     rmse, rmse_log,    log10,    silog
[2025-12-04 02:10:22,748][    INFO]   19.485,   19.534,   19.544,    3.981,    6.051,    8.034,    2.434,    0.751,    2.215
[2025-12-04 02:10:22,748][    INFO] ==================================================================================================
[2025-12-04 02:10:23,129][    INFO] ===========> Epoch: 93/120, d1: 0.974, d2: 0.977, d3: 0.977
[2025-12-04 02:10:23,130][    INFO] ===========> Epoch: 93/120, abs_rel: 0.173, sq_rel: 0.216, rmse: 0.393, rmse_log: 0.115, log10: 0.035, silog: 0.104

[2025-12-04 02:10:24,160][    INFO] Iter: 0/35, LR: 0.0000013, Loss: 0.043
[2025-12-04 02:10:48,954][    INFO] Validate
[2025-12-04 02:10:50,935][    INFO] ==================================================================================================
[2025-12-04 02:10:50,935][    INFO]       d1,       d2,       d3,  abs_rel,   sq_rel,     rmse, rmse_log,    log10,    silog
[2025-12-04 02:10:50,936][    INFO]   19.485,   19.533,   19.543,    3.926,    6.021,    8.427,    2.374,    0.734,    2.151
[2025-12-04 02:10:50,936][    INFO] ==================================================================================================
[2025-12-04 02:10:51,323][    INFO] ===========> Epoch: 94/120, d1: 0.974, d2: 0.977, d3: 0.977
[2025-12-04 02:10:51,323][    INFO] ===========> Epoch: 94/120, abs_rel: 0.173, sq_rel: 0.216, rmse: 0.393, rmse_log: 0.115, log10: 0.035, silog: 0.104

[2025-12-04 02:10:52,359][    INFO] Iter: 0/35, LR: 0.0000013, Loss: 0.052
[2025-12-04 02:11:17,187][    INFO] Validate
[2025-12-04 02:11:19,178][    INFO] ==================================================================================================
[2025-12-04 02:11:19,178][    INFO]       d1,       d2,       d3,  abs_rel,   sq_rel,     rmse, rmse_log,    log10,    silog
[2025-12-04 02:11:19,178][    INFO]   19.469,   19.534,   19.543,    3.965,    6.093,    8.184,    2.381,    0.737,    2.149
[2025-12-04 02:11:19,178][    INFO] ==================================================================================================
[2025-12-04 02:11:19,565][    INFO] ===========> Epoch: 95/120, d1: 0.974, d2: 0.977, d3: 0.977
[2025-12-04 02:11:19,566][    INFO] ===========> Epoch: 95/120, abs_rel: 0.173, sq_rel: 0.216, rmse: 0.393, rmse_log: 0.115, log10: 0.035, silog: 0.104

[2025-12-04 02:11:20,631][    INFO] Iter: 0/35, LR: 0.0000012, Loss: 0.043
[2025-12-04 02:11:45,464][    INFO] Validate
[2025-12-04 02:11:47,443][    INFO] ==================================================================================================
[2025-12-04 02:11:47,443][    INFO]       d1,       d2,       d3,  abs_rel,   sq_rel,     rmse, rmse_log,    log10,    silog
[2025-12-04 02:11:47,443][    INFO]   19.483,   19.533,   19.543,    4.035,    6.405,    8.147,    2.348,    0.728,    2.116
[2025-12-04 02:11:47,443][    INFO] ==================================================================================================
[2025-12-04 02:11:47,881][    INFO] ===========> Epoch: 96/120, d1: 0.974, d2: 0.977, d3: 0.977
[2025-12-04 02:11:47,881][    INFO] ===========> Epoch: 96/120, abs_rel: 0.173, sq_rel: 0.216, rmse: 0.393, rmse_log: 0.115, log10: 0.035, silog: 0.104

[2025-12-04 02:11:48,911][    INFO] Iter: 0/35, LR: 0.0000012, Loss: 0.037
[2025-12-04 02:12:13,691][    INFO] Validate
[2025-12-04 02:12:15,675][    INFO] ==================================================================================================
[2025-12-04 02:12:15,676][    INFO]       d1,       d2,       d3,  abs_rel,   sq_rel,     rmse, rmse_log,    log10,    silog
[2025-12-04 02:12:15,676][    INFO]   19.461,   19.533,   19.543,    3.948,    5.980,    8.200,    2.405,    0.745,    2.177
[2025-12-04 02:12:15,676][    INFO] ==================================================================================================
[2025-12-04 02:12:16,106][    INFO] ===========> Epoch: 97/120, d1: 0.974, d2: 0.977, d3: 0.977
[2025-12-04 02:12:16,107][    INFO] ===========> Epoch: 97/120, abs_rel: 0.173, sq_rel: 0.216, rmse: 0.393, rmse_log: 0.115, log10: 0.035, silog: 0.104

[2025-12-04 02:12:17,152][    INFO] Iter: 0/35, LR: 0.0000011, Loss: 0.041
[2025-12-04 02:12:42,062][    INFO] Validate
[2025-12-04 02:12:44,049][    INFO] ==================================================================================================
[2025-12-04 02:12:44,049][    INFO]       d1,       d2,       d3,  abs_rel,   sq_rel,     rmse, rmse_log,    log10,    silog
[2025-12-04 02:12:44,049][    INFO]   19.485,   19.533,   19.543,    3.928,    5.887,    8.257,    2.360,    0.737,    2.121
[2025-12-04 02:12:44,049][    INFO] ==================================================================================================
[2025-12-04 02:12:44,484][    INFO] ===========> Epoch: 98/120, d1: 0.974, d2: 0.977, d3: 0.977
[2025-12-04 02:12:44,484][    INFO] ===========> Epoch: 98/120, abs_rel: 0.173, sq_rel: 0.216, rmse: 0.393, rmse_log: 0.115, log10: 0.035, silog: 0.104

[2025-12-04 02:12:45,530][    INFO] Iter: 0/35, LR: 0.0000011, Loss: 0.038
[2025-12-04 02:13:10,460][    INFO] Validate
[2025-12-04 02:13:12,442][    INFO] ==================================================================================================
[2025-12-04 02:13:12,442][    INFO]       d1,       d2,       d3,  abs_rel,   sq_rel,     rmse, rmse_log,    log10,    silog
[2025-12-04 02:13:12,443][    INFO]   19.476,   19.532,   19.542,    4.113,    6.474,    8.477,    2.391,    0.762,    2.132
[2025-12-04 02:13:12,443][    INFO] ==================================================================================================
[2025-12-04 02:13:12,835][    INFO] ===========> Epoch: 99/120, d1: 0.974, d2: 0.977, d3: 0.977
[2025-12-04 02:13:12,835][    INFO] ===========> Epoch: 99/120, abs_rel: 0.173, sq_rel: 0.216, rmse: 0.393, rmse_log: 0.115, log10: 0.035, silog: 0.104

[2025-12-04 02:13:13,906][    INFO] Iter: 0/35, LR: 0.0000010, Loss: 0.036
[2025-12-04 02:13:38,763][    INFO] Validate
[2025-12-04 02:13:40,739][    INFO] ==================================================================================================
[2025-12-04 02:13:40,739][    INFO]       d1,       d2,       d3,  abs_rel,   sq_rel,     rmse, rmse_log,    log10,    silog
[2025-12-04 02:13:40,740][    INFO]   19.487,   19.533,   19.542,    4.146,    6.722,    8.644,    2.392,    0.748,    2.163
[2025-12-04 02:13:40,740][    INFO] ==================================================================================================
[2025-12-04 02:13:41,179][    INFO] ===========> Epoch: 100/120, d1: 0.974, d2: 0.977, d3: 0.977
[2025-12-04 02:13:41,180][    INFO] ===========> Epoch: 100/120, abs_rel: 0.173, sq_rel: 0.216, rmse: 0.393, rmse_log: 0.115, log10: 0.035, silog: 0.104

[2025-12-04 02:13:42,231][    INFO] Iter: 0/35, LR: 0.0000010, Loss: 0.044
[2025-12-04 02:14:07,023][    INFO] Validate
[2025-12-04 02:14:09,013][    INFO] ==================================================================================================
[2025-12-04 02:14:09,013][    INFO]       d1,       d2,       d3,  abs_rel,   sq_rel,     rmse, rmse_log,    log10,    silog
[2025-12-04 02:14:09,013][    INFO]   19.478,   19.532,   19.541,    4.097,    6.310,    8.374,    2.386,    0.757,    2.120
[2025-12-04 02:14:09,013][    INFO] ==================================================================================================
[2025-12-04 02:14:09,446][    INFO] ===========> Epoch: 101/120, d1: 0.974, d2: 0.977, d3: 0.977
[2025-12-04 02:14:09,446][    INFO] ===========> Epoch: 101/120, abs_rel: 0.173, sq_rel: 0.216, rmse: 0.393, rmse_log: 0.115, log10: 0.035, silog: 0.104

[2025-12-04 02:14:10,504][    INFO] Iter: 0/35, LR: 0.0000010, Loss: 0.043
[2025-12-04 02:14:35,419][    INFO] Validate
[2025-12-04 02:14:37,413][    INFO] ==================================================================================================
[2025-12-04 02:14:37,413][    INFO]       d1,       d2,       d3,  abs_rel,   sq_rel,     rmse, rmse_log,    log10,    silog
[2025-12-04 02:14:37,413][    INFO]   19.474,   19.532,   19.542,    4.125,    6.267,    8.500,    2.417,    0.778,    2.124
[2025-12-04 02:14:37,413][    INFO] ==================================================================================================
[2025-12-04 02:14:37,810][    INFO] ===========> Epoch: 102/120, d1: 0.974, d2: 0.977, d3: 0.977
[2025-12-04 02:14:37,810][    INFO] ===========> Epoch: 102/120, abs_rel: 0.173, sq_rel: 0.216, rmse: 0.393, rmse_log: 0.115, log10: 0.035, silog: 0.104

[2025-12-04 02:14:38,859][    INFO] Iter: 0/35, LR: 0.0000009, Loss: 0.041
[2025-12-04 02:15:03,753][    INFO] Validate
[2025-12-04 02:15:05,750][    INFO] ==================================================================================================
[2025-12-04 02:15:05,750][    INFO]       d1,       d2,       d3,  abs_rel,   sq_rel,     rmse, rmse_log,    log10,    silog
[2025-12-04 02:15:05,750][    INFO]   19.474,   19.532,   19.542,    4.182,    6.285,    8.845,    2.473,    0.806,    2.159
[2025-12-04 02:15:05,750][    INFO] ==================================================================================================
[2025-12-04 02:15:06,120][    INFO] ===========> Epoch: 103/120, d1: 0.974, d2: 0.977, d3: 0.977
[2025-12-04 02:15:06,120][    INFO] ===========> Epoch: 103/120, abs_rel: 0.173, sq_rel: 0.216, rmse: 0.393, rmse_log: 0.115, log10: 0.035, silog: 0.104

[2025-12-04 02:15:07,183][    INFO] Iter: 0/35, LR: 0.0000009, Loss: 0.045
[2025-12-04 02:15:32,141][    INFO] Validate
[2025-12-04 02:15:34,138][    INFO] ==================================================================================================
[2025-12-04 02:15:34,138][    INFO]       d1,       d2,       d3,  abs_rel,   sq_rel,     rmse, rmse_log,    log10,    silog
[2025-12-04 02:15:34,139][    INFO]   19.488,   19.533,   19.542,    3.985,    6.286,    7.817,    2.317,    0.722,    2.076
[2025-12-04 02:15:34,139][    INFO] ==================================================================================================
[2025-12-04 02:15:34,522][    INFO] ===========> Epoch: 104/120, d1: 0.974, d2: 0.977, d3: 0.977
[2025-12-04 02:15:34,522][    INFO] ===========> Epoch: 104/120, abs_rel: 0.173, sq_rel: 0.216, rmse: 0.391, rmse_log: 0.115, log10: 0.035, silog: 0.104

[2025-12-04 02:15:35,566][    INFO] Iter: 0/35, LR: 0.0000008, Loss: 0.039
[2025-12-04 02:16:00,475][    INFO] Validate
[2025-12-04 02:16:02,458][    INFO] ==================================================================================================
[2025-12-04 02:16:02,458][    INFO]       d1,       d2,       d3,  abs_rel,   sq_rel,     rmse, rmse_log,    log10,    silog
[2025-12-04 02:16:02,459][    INFO]   19.490,   19.533,   19.543,    3.995,    6.325,    7.657,    2.314,    0.712,    2.078
[2025-12-04 02:16:02,459][    INFO] ==================================================================================================
[2025-12-04 02:16:02,866][    INFO] ===========> Epoch: 105/120, d1: 0.974, d2: 0.977, d3: 0.977
[2025-12-04 02:16:02,866][    INFO] ===========> Epoch: 105/120, abs_rel: 0.173, sq_rel: 0.216, rmse: 0.383, rmse_log: 0.115, log10: 0.035, silog: 0.104

[2025-12-04 02:16:03,927][    INFO] Iter: 0/35, LR: 0.0000008, Loss: 0.039
[2025-12-04 02:16:28,838][    INFO] Validate
[2025-12-04 02:16:30,847][    INFO] ==================================================================================================
[2025-12-04 02:16:30,847][    INFO]       d1,       d2,       d3,  abs_rel,   sq_rel,     rmse, rmse_log,    log10,    silog
[2025-12-04 02:16:30,848][    INFO]   19.491,   19.534,   19.544,    3.759,    5.577,    7.542,    2.272,    0.694,    2.054
[2025-12-04 02:16:30,848][    INFO] ==================================================================================================
[2025-12-04 02:16:31,227][    INFO] ===========> Epoch: 106/120, d1: 0.975, d2: 0.977, d3: 0.977
[2025-12-04 02:16:31,227][    INFO] ===========> Epoch: 106/120, abs_rel: 0.173, sq_rel: 0.216, rmse: 0.377, rmse_log: 0.114, log10: 0.035, silog: 0.103

[2025-12-04 02:16:32,226][    INFO] Iter: 0/35, LR: 0.0000007, Loss: 0.042
[2025-12-04 02:16:57,029][    INFO] Validate
[2025-12-04 02:16:59,047][    INFO] ==================================================================================================
[2025-12-04 02:16:59,047][    INFO]       d1,       d2,       d3,  abs_rel,   sq_rel,     rmse, rmse_log,    log10,    silog
[2025-12-04 02:16:59,047][    INFO]   19.489,   19.533,   19.543,    3.929,    6.176,    7.804,    2.320,    0.711,    2.091
[2025-12-04 02:16:59,047][    INFO] ==================================================================================================
[2025-12-04 02:16:59,406][    INFO] ===========> Epoch: 107/120, d1: 0.975, d2: 0.977, d3: 0.977
[2025-12-04 02:16:59,406][    INFO] ===========> Epoch: 107/120, abs_rel: 0.173, sq_rel: 0.216, rmse: 0.377, rmse_log: 0.114, log10: 0.035, silog: 0.103

[2025-12-04 02:17:00,453][    INFO] Iter: 0/35, LR: 0.0000007, Loss: 0.038
[2025-12-04 02:17:25,340][    INFO] Validate
[2025-12-04 02:17:27,323][    INFO] ==================================================================================================
[2025-12-04 02:17:27,323][    INFO]       d1,       d2,       d3,  abs_rel,   sq_rel,     rmse, rmse_log,    log10,    silog
[2025-12-04 02:17:27,323][    INFO]   19.488,   19.533,   19.543,    3.982,    6.263,    7.813,    2.314,    0.719,    2.068
[2025-12-04 02:17:27,323][    INFO] ==================================================================================================
[2025-12-04 02:17:27,754][    INFO] ===========> Epoch: 108/120, d1: 0.975, d2: 0.977, d3: 0.977
[2025-12-04 02:17:27,754][    INFO] ===========> Epoch: 108/120, abs_rel: 0.173, sq_rel: 0.216, rmse: 0.377, rmse_log: 0.114, log10: 0.035, silog: 0.103

[2025-12-04 02:17:28,842][    INFO] Iter: 0/35, LR: 0.0000006, Loss: 0.041
[2025-12-04 02:17:53,675][    INFO] Validate
[2025-12-04 02:17:55,661][    INFO] ==================================================================================================
[2025-12-04 02:17:55,661][    INFO]       d1,       d2,       d3,  abs_rel,   sq_rel,     rmse, rmse_log,    log10,    silog
[2025-12-04 02:17:55,661][    INFO]   19.495,   19.534,   19.543,    3.791,    5.676,    7.394,    2.287,    0.697,    2.069
[2025-12-04 02:17:55,661][    INFO] ==================================================================================================
[2025-12-04 02:17:56,057][    INFO] ===========> Epoch: 109/120, d1: 0.975, d2: 0.977, d3: 0.977
[2025-12-04 02:17:56,058][    INFO] ===========> Epoch: 109/120, abs_rel: 0.173, sq_rel: 0.216, rmse: 0.370, rmse_log: 0.114, log10: 0.035, silog: 0.103

[2025-12-04 02:17:57,118][    INFO] Iter: 0/35, LR: 0.0000006, Loss: 0.036
[2025-12-04 02:18:21,942][    INFO] Validate
[2025-12-04 02:18:23,943][    INFO] ==================================================================================================
[2025-12-04 02:18:23,943][    INFO]       d1,       d2,       d3,  abs_rel,   sq_rel,     rmse, rmse_log,    log10,    silog
[2025-12-04 02:18:23,943][    INFO]   19.491,   19.533,   19.543,    3.940,    6.143,    7.562,    2.306,    0.709,    2.075
[2025-12-04 02:18:23,943][    INFO] ==================================================================================================
[2025-12-04 02:18:24,326][    INFO] ===========> Epoch: 110/120, d1: 0.975, d2: 0.977, d3: 0.977
[2025-12-04 02:18:24,326][    INFO] ===========> Epoch: 110/120, abs_rel: 0.173, sq_rel: 0.216, rmse: 0.370, rmse_log: 0.114, log10: 0.035, silog: 0.103

[2025-12-04 02:18:25,379][    INFO] Iter: 0/35, LR: 0.0000005, Loss: 0.042
[2025-12-04 02:18:50,250][    INFO] Validate
[2025-12-04 02:18:52,246][    INFO] ==================================================================================================
[2025-12-04 02:18:52,246][    INFO]       d1,       d2,       d3,  abs_rel,   sq_rel,     rmse, rmse_log,    log10,    silog
[2025-12-04 02:18:52,246][    INFO]   19.493,   19.534,   19.544,    3.825,    5.923,    7.334,    2.246,    0.681,    2.029
[2025-12-04 02:18:52,246][    INFO] ==================================================================================================
[2025-12-04 02:18:52,626][    INFO] ===========> Epoch: 111/120, d1: 0.975, d2: 0.977, d3: 0.977
[2025-12-04 02:18:52,626][    INFO] ===========> Epoch: 111/120, abs_rel: 0.173, sq_rel: 0.216, rmse: 0.367, rmse_log: 0.112, log10: 0.034, silog: 0.101

[2025-12-04 02:18:53,688][    INFO] Iter: 0/35, LR: 0.0000005, Loss: 0.040
[2025-12-04 02:19:18,528][    INFO] Validate
[2025-12-04 02:19:20,529][    INFO] ==================================================================================================
[2025-12-04 02:19:20,529][    INFO]       d1,       d2,       d3,  abs_rel,   sq_rel,     rmse, rmse_log,    log10,    silog
[2025-12-04 02:19:20,529][    INFO]   19.494,   19.534,   19.543,    3.905,    6.141,    7.479,    2.274,    0.691,    2.050
[2025-12-04 02:19:20,529][    INFO] ==================================================================================================
[2025-12-04 02:19:20,960][    INFO] ===========> Epoch: 112/120, d1: 0.975, d2: 0.977, d3: 0.977
[2025-12-04 02:19:20,960][    INFO] ===========> Epoch: 112/120, abs_rel: 0.173, sq_rel: 0.216, rmse: 0.367, rmse_log: 0.112, log10: 0.034, silog: 0.101

[2025-12-04 02:19:21,999][    INFO] Iter: 0/35, LR: 0.0000004, Loss: 0.037
[2025-12-04 02:19:46,872][    INFO] Validate
[2025-12-04 02:19:48,856][    INFO] ==================================================================================================
[2025-12-04 02:19:48,856][    INFO]       d1,       d2,       d3,  abs_rel,   sq_rel,     rmse, rmse_log,    log10,    silog
[2025-12-04 02:19:48,857][    INFO]   19.496,   19.534,   19.543,    3.805,    5.789,    7.406,    2.253,    0.689,    2.030
[2025-12-04 02:19:48,857][    INFO] ==================================================================================================
[2025-12-04 02:19:49,244][    INFO] ===========> Epoch: 113/120, d1: 0.975, d2: 0.977, d3: 0.977
[2025-12-04 02:19:49,244][    INFO] ===========> Epoch: 113/120, abs_rel: 0.173, sq_rel: 0.216, rmse: 0.367, rmse_log: 0.112, log10: 0.034, silog: 0.101

[2025-12-04 02:19:50,288][    INFO] Iter: 0/35, LR: 0.0000004, Loss: 0.042
[2025-12-04 02:20:15,197][    INFO] Validate
[2025-12-04 02:20:17,202][    INFO] ==================================================================================================
[2025-12-04 02:20:17,202][    INFO]       d1,       d2,       d3,  abs_rel,   sq_rel,     rmse, rmse_log,    log10,    silog
[2025-12-04 02:20:17,202][    INFO]   19.495,   19.534,   19.543,    3.784,    5.724,    7.271,    2.246,    0.685,    2.025
[2025-12-04 02:20:17,202][    INFO] ==================================================================================================
[2025-12-04 02:20:17,566][    INFO] ===========> Epoch: 114/120, d1: 0.975, d2: 0.977, d3: 0.977
[2025-12-04 02:20:17,566][    INFO] ===========> Epoch: 114/120, abs_rel: 0.173, sq_rel: 0.216, rmse: 0.364, rmse_log: 0.112, log10: 0.034, silog: 0.101

[2025-12-04 02:20:18,603][    INFO] Iter: 0/35, LR: 0.0000003, Loss: 0.041
[2025-12-04 02:20:43,444][    INFO] Validate
[2025-12-04 02:20:45,435][    INFO] ==================================================================================================
[2025-12-04 02:20:45,436][    INFO]       d1,       d2,       d3,  abs_rel,   sq_rel,     rmse, rmse_log,    log10,    silog
[2025-12-04 02:20:45,436][    INFO]   19.491,   19.533,   19.543,    4.009,    6.395,    7.437,    2.313,    0.708,    2.077
[2025-12-04 02:20:45,436][    INFO] ==================================================================================================
[2025-12-04 02:20:45,826][    INFO] ===========> Epoch: 115/120, d1: 0.975, d2: 0.977, d3: 0.977
[2025-12-04 02:20:45,827][    INFO] ===========> Epoch: 115/120, abs_rel: 0.173, sq_rel: 0.216, rmse: 0.364, rmse_log: 0.112, log10: 0.034, silog: 0.101

[2025-12-04 02:20:46,887][    INFO] Iter: 0/35, LR: 0.0000003, Loss: 0.040
[2025-12-04 02:21:11,679][    INFO] Validate
[2025-12-04 02:21:13,667][    INFO] ==================================================================================================
[2025-12-04 02:21:13,667][    INFO]       d1,       d2,       d3,  abs_rel,   sq_rel,     rmse, rmse_log,    log10,    silog
[2025-12-04 02:21:13,667][    INFO]   19.472,   19.532,   19.541,    4.320,    7.013,    8.048,    2.462,    0.785,    2.162
[2025-12-04 02:21:13,667][    INFO] ==================================================================================================
[2025-12-04 02:21:14,054][    INFO] ===========> Epoch: 116/120, d1: 0.975, d2: 0.977, d3: 0.977
[2025-12-04 02:21:14,054][    INFO] ===========> Epoch: 116/120, abs_rel: 0.173, sq_rel: 0.216, rmse: 0.364, rmse_log: 0.112, log10: 0.034, silog: 0.101

[2025-12-04 02:21:15,121][    INFO] Iter: 0/35, LR: 0.0000002, Loss: 0.045
[2025-12-04 02:21:39,928][    INFO] Validate
[2025-12-04 02:21:41,926][    INFO] ==================================================================================================
[2025-12-04 02:21:41,926][    INFO]       d1,       d2,       d3,  abs_rel,   sq_rel,     rmse, rmse_log,    log10,    silog
[2025-12-04 02:21:41,927][    INFO]   19.457,   19.532,   19.541,    4.489,    7.206,    8.708,    2.586,    0.841,    2.244
[2025-12-04 02:21:41,927][    INFO] ==================================================================================================
[2025-12-04 02:21:42,314][    INFO] ===========> Epoch: 117/120, d1: 0.975, d2: 0.977, d3: 0.977
[2025-12-04 02:21:42,314][    INFO] ===========> Epoch: 117/120, abs_rel: 0.173, sq_rel: 0.216, rmse: 0.364, rmse_log: 0.112, log10: 0.034, silog: 0.101

[2025-12-04 02:21:43,358][    INFO] Iter: 0/35, LR: 0.0000002, Loss: 0.051
[2025-12-04 02:22:08,179][    INFO] Validate
[2025-12-04 02:22:10,172][    INFO] ==================================================================================================
[2025-12-04 02:22:10,172][    INFO]       d1,       d2,       d3,  abs_rel,   sq_rel,     rmse, rmse_log,    log10,    silog
[2025-12-04 02:22:10,172][    INFO]   19.473,   19.532,   19.542,    4.299,    6.705,    8.459,    2.503,    0.808,    2.185
[2025-12-04 02:22:10,172][    INFO] ==================================================================================================
[2025-12-04 02:22:10,538][    INFO] ===========> Epoch: 118/120, d1: 0.975, d2: 0.977, d3: 0.977
[2025-12-04 02:22:10,539][    INFO] ===========> Epoch: 118/120, abs_rel: 0.173, sq_rel: 0.216, rmse: 0.364, rmse_log: 0.112, log10: 0.034, silog: 0.101

[2025-12-04 02:22:11,571][    INFO] Iter: 0/35, LR: 0.0000001, Loss: 0.046
[2025-12-04 02:22:36,456][    INFO] Validate
[2025-12-04 02:22:38,461][    INFO] ==================================================================================================
[2025-12-04 02:22:38,461][    INFO]       d1,       d2,       d3,  abs_rel,   sq_rel,     rmse, rmse_log,    log10,    silog
[2025-12-04 02:22:38,461][    INFO]   19.481,   19.533,   19.542,    4.059,    6.083,    7.911,    2.400,    0.766,    2.114
[2025-12-04 02:22:38,461][    INFO] ==================================================================================================
[2025-12-04 02:22:38,844][    INFO] ===========> Epoch: 119/120, d1: 0.975, d2: 0.977, d3: 0.977
[2025-12-04 02:22:38,844][    INFO] ===========> Epoch: 119/120, abs_rel: 0.173, sq_rel: 0.216, rmse: 0.364, rmse_log: 0.112, log10: 0.034, silog: 0.101

[2025-12-04 02:22:39,902][    INFO] Iter: 0/35, LR: 0.0000001, Loss: 0.039
[2025-12-04 02:23:04,782][    INFO] Validate
[2025-12-04 02:23:06,776][    INFO] ==================================================================================================
[2025-12-04 02:23:06,776][    INFO]       d1,       d2,       d3,  abs_rel,   sq_rel,     rmse, rmse_log,    log10,    silog
[2025-12-04 02:23:06,776][    INFO]   19.476,   19.533,   19.542,    4.151,    6.465,    7.960,    2.415,    0.765,    2.130
[2025-12-04 02:23:06,776][    INFO] ==================================================================================================
[2025-12-04 02:23:07,332][    INFO] Size (finetuned): 99.23 MB
[2025-12-04 02:23:07,341][    INFO] Testing metric_finetuned model

[2025-12-04 02:23:11,525][    INFO] Measured over "10" samples of testing data from "HyperSim" dataset
[2025-12-04 02:23:11,525][    INFO] Time is in ms per sample (only for inference step)
[2025-12-04 02:23:11,525][    INFO]  
[2025-12-04 02:23:11,525][    INFO] ==================================================================================================
[2025-12-04 02:23:11,525][    INFO]       d1,       d2,       d3,  abs_rel,   sq_rel,     rmse, rmse_log,    log10,    silog,     time
[2025-12-04 02:23:11,525][    INFO]    0.995,    1.000,    1.000,    0.051,    0.025,    0.386,    0.061,    0.021,    0.052,  378.883
[2025-12-04 02:23:11,525][    INFO] ==================================================================================================
[2025-12-04 02:23:11,658][    INFO] Size (quantized): 36.88 MB
[2025-12-04 02:23:11,661][    INFO] Testing quantized model


[2025-12-04 02:23:15,108][    INFO] Measured over "10" samples of testing data from "HyperSim" dataset
[2025-12-04 02:23:15,108][    INFO] Time is in ms per sample (only for inference step)
[2025-12-04 02:23:15,108][    INFO]  
[2025-12-04 02:23:15,109][    INFO] ==================================================================================================
[2025-12-04 02:23:15,109][    INFO]       d1,       d2,       d3,  abs_rel,   sq_rel,     rmse, rmse_log,    log10,    silog,     time
[2025-12-04 02:23:15,109][    INFO]    0.995,    1.000,    1.000,    0.051,    0.025,    0.386,    0.061,    0.021,    0.053,  301.357
[2025-12-04 02:23:15,109][    INFO] ==================================================================================================
[2025-12-04 02:23:18,817][    INFO] Estimate latency of checkpoint with same input
[2025-12-04 02:23:18,817][    INFO] Time per sample (ms): 67.51141815185547 +- 0.8120373197850623
[2025-12-04 02:23:22,531][    INFO] Estimate latency of finetuned with same input
[2025-12-04 02:23:22,531][    INFO] Time per sample (ms): 67.42673385620117 +- 0.4453572767630138
[2025-12-04 02:23:26,250][    INFO] Estimate latency of quantized with same input
[2025-12-04 02:23:26,250][    INFO] Time per sample (ms): 67.59737335205078 +- 0.5014414856624382
[2025-12-04 02:23:26,251][    INFO] End of program





